player_id,evo_rate_raw,ppo_rate_raw,evd_rate_raw,ppd_rate_raw,penalty_component_raw,toi_5v5_minutes,toi_pp_minutes,toi_pk_minutes,toi_total_minutes
8470613,0.3561027449177531,0.03173218288340209,0.0,0.0,0.0,497.6666666666667,60.733333333333334,109.08333333333333,667.4833333333333
8470621,0.6341045317022008,0.0,0.0,0.0,0.0,382.98333333333335,46.016666666666666,78.05,507.05
8471214,0.8893534151519011,0.0,0.0,0.0,0.0,539.7666666666667,58.11666666666667,103.71666666666667,701.6
8471215,0.9483169058966617,0.0,0.0,0.0,0.0,318.95,28.483333333333334,58.0,405.43333333333334
8471675,0.9494556359444913,0.0,0.0,0.0,0.0,423.5833333333333,43.46666666666667,91.41666666666667,558.4666666666667
8471685,0.6958180103247801,0.0,0.0,0.0,0.0,342.73333333333335,37.95,65.61666666666667,446.3
8471724,0.32936660010578706,0.35327856973703664,0.0,0.0,0.0,544.15,40.36666666666667,78.28333333333333,662.8
8471734,0.0,0.0,0.0,0.0,0.0,178.03333333333333,21.683333333333334,36.11666666666667,235.83333333333334
8471817,0.3821817778802724,0.0,0.0,0.0,0.0,365.18333333333334,43.516666666666666,84.21666666666667,492.9166666666667
8473419,1.4476502598523695,0.5018835661555744,0.0,0.0,0.0,363.23333333333335,54.21666666666667,96.56666666666666,514.0166666666667
8473422,0.35363726246104854,0.0,0.0,0.0,0.0,217.11666666666667,21.683333333333334,36.03333333333333,274.8333333333333
8473507,0.1008946205475313,0.0,0.0,0.0,0.0,448.25,51.53333333333333,82.55,582.3333333333334
8473512,0.5727840656731531,0.4565756011767205,0.0,0.0,0.0,371.68333333333334,29.383333333333333,54.46666666666667,455.5333333333333
8473533,0.7606600244129564,0.0,0.0,0.0,0.0,405.3,42.2,69.26666666666667,516.7666666666667
8473604,1.0019270038482315,0.0,0.0,0.0,0.0,303.98333333333335,35.96666666666667,63.06666666666666,403.01666666666665
8473986,0.7760768587216752,0.9164797487200893,0.0,0.0,0.0,407.7166666666667,38.833333333333336,81.73333333333333,528.2833333333333
8473994,1.2179899795960132,0.0,0.0,0.0,0.0,166.15,13.616666666666667,31.85,211.61666666666667
8474013,0.18261255550905808,0.0,0.0,0.0,0.0,481.95,57.550000000000004,91.11666666666667,630.6166666666667
8474037,1.1095255070440468,0.0,0.0,0.0,0.0,295.1166666666667,16.85,33.733333333333334,345.7
8474090,0.08925220005723655,0.0,0.0,0.0,0.0,140.4,18.866666666666667,25.516666666666666,184.78333333333333
8474102,0.5840701839607458,0.0,0.0,0.0,0.0,375.28333333333336,40.18333333333333,59.916666666666664,475.3833333333333
8474141,0.7014798685404173,0.0,0.0,0.0,0.0,381.55,38.266666666666666,63.85,483.6666666666667
8474149,0.39883964796401616,0.0,0.0,0.0,0.0,65.23333333333333,6.633333333333334,10.1,81.96666666666667
8474150,0.5882975255413554,0.44078086002589406,0.0,0.0,0.0,465.75,50.016666666666666,83.38333333333334,599.15
8474151,0.26242199968585694,0.0,0.0,0.0,0.0,166.88333333333333,16.71666666666667,31.5,215.1
8474189,0.39061223195037353,0.543983141726506,0.0,0.0,0.0,312.1666666666667,27.35,41.05,380.56666666666666
8474563,0.2070857163328847,0.0,0.0,0.0,0.0,287.43333333333334,35.56666666666667,58.95,381.95
8474564,1.1199852617946322,0.0,0.0,0.0,0.0,412.51666666666665,60.85,111.36666666666667,584.7333333333333
8474567,0.193968185387233,0.0,0.0,0.0,0.0,188.15,17.6,30.666666666666668,236.41666666666666
8474568,0.14001854810464773,0.12654554417018787,0.0,0.0,0.0,313.5833333333333,42.15,60.050000000000004,415.7833333333333
8474574,0.25654451446308474,0.14467013217796934,0.0,0.0,0.0,435.4166666666667,43.68333333333333,82.48333333333333,561.5833333333334
8474578,0.37963020684397136,0.01713153613909936,0.0,0.0,0.0,441.4,43.66666666666667,79.98333333333333,565.05
8474586,0.8618238126379983,0.0,0.0,0.0,0.0,444.8333333333333,40.483333333333334,86.58333333333333,571.9
8474590,0.5418613859296654,0.2713653517156334,0.0,0.0,0.0,446.25,36.96666666666667,66.58333333333333,549.8
8474593,0.0,0.0,0.0,0.0,0.0,293.1,36.8,71.58333333333333,401.48333333333335
8474596,0.0,0.0,0.0,0.0,0.0,395.4,43.266666666666666,79.81666666666666,518.4833333333333
8474600,0.4551624689865292,0.0,0.0,0.0,0.0,285.8,44.65,69.88333333333334,400.3333333333333
8474612,0.11695607552040815,1.074547481697959,0.0,0.0,0.0,217.03333333333333,17.266666666666666,40.03333333333333,274.3333333333333
8474641,0.7442229405826191,0.45956365011931044,0.0,0.0,0.0,380.8833333333333,35.25,54.300000000000004,470.43333333333334
8474679,0.7305222821784821,0.41184409137268163,0.0,0.0,0.0,202.78333333333333,19.066666666666666,42.583333333333336,264.43333333333334
8474716,0.28490080966868697,0.0,0.0,0.0,0.0,498.78333333333336,50.61666666666667,76.16666666666667,625.5666666666667
8475149,0.8932818893945582,0.030157574644979472,0.0,0.0,0.0,345.8833333333333,34.85,47.6,428.3333333333333
8475151,0.6343083800283876,0.3994909653142511,0.0,0.0,0.0,316.4166666666667,31.7,69.23333333333333,417.35
8475158,1.196343738960811,0.3614990791593973,0.0,0.0,0.0,312.1,33.833333333333336,70.63333333333334,416.56666666666666
8475166,1.4769716693041528,0.0,0.0,0.0,0.0,373.8666666666667,49.35,83.16666666666667,506.3833333333333
8475167,0.29733839711719534,0.0,0.0,0.0,0.0,196.8,20.28333333333333,50.45,267.53333333333336
8475168,0.6405208779527322,0.0,0.0,0.0,0.0,85.3,15.399999999999999,24.55,125.25
8475169,0.7285309346853106,0.0,0.0,0.0,0.0,545.0,54.516666666666666,114.95,714.4666666666667
8475170,0.6772251685738617,0.0,0.0,0.0,0.0,501.28333333333336,44.63333333333333,84.01666666666667,629.9333333333333
8475171,0.424451125739575,0.02654468278657514,0.0,0.0,0.0,340.25,41.88333333333333,60.35,442.48333333333335
8475172,0.8751069170358131,0.0,0.0,0.0,0.0,517.2166666666667,66.11666666666666,126.86666666666667,710.2
8475179,0.08730376931898137,0.0,0.0,0.0,0.0,9.4,1.4833333333333334,2.966666666666667,13.85
8475181,0.229733046820207,0.12588770905404392,0.0,0.0,0.0,82.66666666666666,10.033333333333333,13.083333333333334,105.78333333333333
8475184,1.1958291488946093,0.5700735571090285,0.0,0.0,0.0,328.93333333333334,31.9,58.8,419.6333333333333
8475188,0.19871455214836486,0.1118020556431434,0.0,0.0,0.0,446.85,46.63333333333333,84.53333333333333,578.0166666666667
8475191,0.4279296338914874,0.24945811640401808,0.0,0.0,0.0,282.0,26.833333333333332,41.38333333333333,350.2166666666667
8475200,0.21920325246956793,0.0,0.0,0.0,0.0,388.48333333333335,48.016666666666666,80.98333333333333,517.4833333333333
8475208,0.14116887194978855,0.5367240083154713,0.0,0.0,0.0,462.01666666666665,47.2,83.05,592.2666666666667
8475218,0.4527167613826143,0.15942771774154063,0.0,0.0,0.0,537.7333333333333,47.95,93.68333333333334,679.3666666666667
8475220,0.6299140157306203,0.018565449588714096,0.0,0.0,0.0,347.1166666666667,39.516666666666666,71.83333333333333,458.46666666666664
8475231,0.5114098690278535,0.0,0.0,0.0,0.0,402.93333333333334,38.9,69.41666666666667,511.25
8475235,0.1398535213682433,0.0,0.0,0.0,0.0,236.66666666666666,20.9,38.516666666666666,296.0833333333333
8475279,0.17922559659320506,0.027126268353143548,0.0,0.0,0.0,518.0833333333334,51.38333333333333,92.05,661.5166666666667
8475287,0.6990636357682279,0.6090838796223554,0.0,0.0,0.0,377.5,38.8,82.03333333333333,498.3333333333333
8475311,0.0,0.0,0.0,0.0,0.0,553.3,70.5,111.56666666666666,735.3666666666667
8475314,1.262826042914749,0.0,0.0,0.0,0.0,464.8833333333333,37.63333333333333,88.56666666666666,591.0833333333334
8475324,0.19585047726823016,0.0,0.0,0.0,0.0,436.2,39.86666666666667,85.46666666666667,561.5333333333333
8475343,0.6874493548000056,0.08468646950510114,0.0,0.0,0.0,297.1333333333333,30.7,60.06666666666667,387.9
8475455,0.12318445623860047,0.0,0.0,0.0,0.0,447.48333333333335,45.766666666666666,70.06666666666666,563.3166666666666
8475461,0.077054985134482,0.0,0.0,0.0,0.0,16.283333333333335,3.6333333333333333,5.533333333333333,25.45
8475462,0.14943016445323948,0.04602628824615332,0.0,0.0,0.0,386.18333333333334,43.266666666666666,59.516666666666666,488.9666666666667
8475660,0.0,0.0,0.0,0.0,0.0,428.6333333333333,40.083333333333336,79.5,548.2166666666667
8475683,0.0,0.0,0.0,0.0,0.0,478.76666666666665,74.3,124.95,678.0166666666667
8475690,0.08491152535668381,0.0,0.0,0.0,0.0,90.35,8.6,17.316666666666666,116.26666666666667
8475692,0.58391950491679,0.023759067048135546,0.0,0.0,0.0,218.76666666666668,23.816666666666666,44.43333333333333,287.01666666666665
8475714,0.49611901503456635,0.4812405090681545,0.0,0.0,0.0,193.08333333333334,15.916666666666666,27.683333333333334,236.68333333333334
8475717,0.0,0.0,0.0,0.0,0.0,203.91666666666666,27.05,43.35,274.31666666666666
8475722,1.104999172671031,0.0,0.0,0.0,0.0,245.58333333333334,27.2,65.5,338.2833333333333
8475726,0.5647760623099486,0.0,0.0,0.0,0.0,426.56666666666666,49.25,88.8,564.6166666666667
8475745,0.9091665634293803,0.0,0.0,0.0,0.0,429.84999999999997,36.983333333333334,57.016666666666666,523.85
8475752,0.3335829563646275,0.0,0.0,0.0,0.0,302.3833333333333,21.71666666666667,38.68333333333334,362.78333333333336
8475753,0.3361983044088543,0.08855330403688917,0.0,0.0,0.0,450.95,40.78333333333333,82.45,574.1833333333333
8475754,1.1325042018771174,0.13667264936914875,0.0,0.0,0.0,418.55,42.35,103.3,564.2
8475755,0.20002337496545036,0.0,0.0,0.0,0.0,456.48333333333335,42.4,76.16666666666667,575.05
8475760,0.703870622498326,0.3688112399173316,0.0,0.0,0.0,344.4,29.633333333333333,55.06666666666666,429.1
8475762,0.09480437129428707,0.0,0.0,0.0,0.0,38.8,6.55,11.666666666666668,57.016666666666666
8475763,0.8403393908769013,0.0,0.0,0.0,0.0,221.1,17.15,33.666666666666664,271.9166666666667
8475764,0.2479922217689257,0.0660153679108157,0.0,0.0,0.0,449.18333333333334,28.233333333333334,64.4,541.8166666666666
8475765,0.6423357030447652,0.0,0.0,0.0,0.0,385.8833333333333,40.28333333333333,63.36666666666667,489.53333333333336
8475768,0.8587386484710119,0.05975105355324055,0.0,0.0,0.0,299.3,15.983333333333334,35.43333333333334,350.7166666666667
8475784,0.8682298053021923,0.0,0.0,0.0,0.0,242.6,37.43333333333334,58.53333333333333,338.56666666666666
8475786,1.4872741322701122,0.0,0.0,0.0,0.0,206.58333333333334,24.733333333333334,39.0,270.31666666666666
8475790,0.18368753926905493,0.0,0.0,0.0,0.0,54.03333333333333,4.766666666666666,9.183333333333334,67.98333333333333
8475791,0.6693623062285837,0.0,0.0,0.0,0.0,486.7166666666667,49.733333333333334,75.05,611.5
8475794,0.6470870476721606,0.0,0.0,0.0,0.0,276.5,23.866666666666667,54.916666666666664,355.28333333333336
8475795,0.19805561250508993,0.0,0.0,0.0,0.0,53.949999999999996,7.083333333333334,9.733333333333334,70.76666666666667
8475798,0.37759186018486884,0.12238084440496741,0.0,0.0,0.0,197.76666666666668,17.366666666666667,35.43333333333334,250.56666666666666
8475799,0.9271669846125408,0.0,0.0,0.0,0.0,390.65,40.699999999999996,70.21666666666667,501.56666666666666
8475809,0.0,0.0,0.0,0.0,0.0,473.0833333333333,68.18333333333334,133.25,674.5166666666667
8475810,1.1722372107202756,0.25088624243976354,0.0,0.0,0.0,433.0,41.516666666666666,84.53333333333333,559.05
8475831,0.0,0.0,0.0,0.0,0.0,218.33333333333334,23.933333333333334,51.8,294.06666666666666
8475842,0.5204867362559291,0.26865785577495743,0.0,0.0,0.0,471.25,27.933333333333334,71.93333333333334,571.1166666666667
8475848,0.8645352855843662,0.0,0.0,0.0,0.0,372.8833333333333,41.55,58.88333333333333,473.31666666666666
8475852,0.0,0.0,0.0,0.0,0.0,134.53333333333333,23.9,35.45,193.88333333333333
8475883,0.0,0.0,0.0,0.0,0.0,294.0833333333333,52.05,68.98333333333333,415.1166666666667
8475906,0.1858799851268444,0.03380237749935246,0.0,0.0,0.0,351.5,43.78333333333333,83.28333333333333,478.56666666666666
8475913,1.0298739458063484,0.7193392722098725,0.0,0.0,0.0,222.78333333333333,18.71666666666667,35.983333333333334,277.48333333333335
8476278,0.3244364271831292,0.45782430224707166,0.0,0.0,0.0,419.3833333333333,51.233333333333334,79.08333333333333,549.7
8476292,0.5491274327824219,0.01988476075148353,0.0,0.0,0.0,497.85,38.18333333333333,69.21666666666667,605.25
8476312,0.32434296718082967,0.12849842636918032,0.0,0.0,0.0,483.78333333333336,52.93333333333334,115.91666666666667,652.6333333333333
8476331,0.13857718287583567,0.020523267132895335,0.0,0.0,0.0,390.21666666666664,35.0,75.85,501.06666666666666
8476341,0.0,0.0,0.0,0.0,0.0,283.8333333333333,34.71666666666667,46.81666666666667,365.3666666666667
8476372,0.18142565856422235,0.6379898189148603,0.0,0.0,0.0,510.1,45.38333333333333,100.66666666666666,656.15
8476374,0.6062865824972972,0.22803153765507994,0.0,0.0,0.0,385.71666666666664,43.36666666666667,77.81666666666666,506.9
8476389,0.5790834826405737,0.2366256574233337,0.0,0.0,0.0,303.2,30.55,55.800000000000004,389.55
8476392,0.5966675871591397,1.159440063163257,0.0,0.0,0.0,271.0,22.816666666666666,33.916666666666664,327.73333333333335
8476393,0.4783528168627888,0.0,0.0,0.0,0.0,403.0333333333333,39.083333333333336,65.81666666666666,507.93333333333334
8476399,0.9116530464517383,0.8157853743616795,0.0,0.0,0.0,544.6833333333334,54.95,115.11666666666666,714.75
8476412,0.0,0.0,0.0,0.0,0.0,408.08333333333337,34.45,81.48333333333333,524.0166666666667
8476419,0.5697442956276587,1.6225989576258002,0.0,0.0,0.0,286.55,23.583333333333332,44.15,354.28333333333336
8476422,0.22196482361178604,1.0570777655193324,0.0,0.0,0.0,318.45,30.8,50.35,399.6
8476425,2.7094583263841723,0.0,0.0,0.0,0.0,6.883333333333334,3.85,4.266666666666667,15.0
8476429,0.2228135125282777,0.020593877059661394,0.0,0.0,0.0,451.81666666666666,38.53333333333333,79.31666666666666,569.6666666666666
8476432,0.9032678034599407,0.016618653901707175,0.0,0.0,0.0,296.3,31.55,59.8,387.65
8476434,0.0,0.0,0.0,0.0,0.0,364.45,56.45,79.11666666666666,500.01666666666665
8476438,0.8497109362214775,0.13147813248314413,0.0,0.0,0.0,319.48333333333335,15.783333333333333,39.1,374.3666666666667
8476441,0.2098658230338022,0.02055356198793148,0.0,0.0,0.0,470.4,51.13333333333333,82.1,603.6333333333333
8476448,0.5932055310845632,1.7419416998976653,0.0,0.0,0.0,208.81666666666666,11.35,21.866666666666667,242.03333333333333
8476453,0.9845845044966971,0.0,0.0,0.0,0.0,428.3666666666667,48.93333333333333,111.0,588.3
8476454,0.5791848952884165,0.30952947141554166,0.0,0.0,0.0,278.48333333333335,27.2,51.1,356.78333333333336
8476455,0.9985683104924906,0.0,0.0,0.0,0.0,453.93333333333334,43.11666666666667,103.53333333333333,600.5833333333334
8476456,0.7236908692144846,0.112175515340307,0.0,0.0,0.0,413.9,38.78333333333333,73.81666666666666,526.5
8476457,0.1695698533526798,0.04345788702830277,0.0,0.0,0.0,355.68333333333334,30.133333333333333,54.78333333333333,440.6
8476458,0.9225391355182788,0.0,0.0,0.0,0.0,163.08333333333331,15.133333333333333,24.849999999999998,203.06666666666666
8476459,1.1421912684525317,0.2927529053190468,0.0,0.0,0.0,445.6166666666667,55.93333333333334,101.45,603.0
8476460,1.4567965377758183,0.8183736026159301,0.0,0.0,0.0,336.1166666666667,39.266666666666666,70.96666666666667,446.35
8476461,0.6228048899923128,0.5290136972541423,0.0,0.0,0.0,439.01666666666665,33.3,65.75,538.0666666666667
8476462,0.35379183425038685,0.01901437970875416,0.0,0.0,0.0,466.0,40.53333333333333,80.13333333333334,586.6666666666666
8476463,0.224321971974225,0.23250990665044308,0.0,0.0,0.0,364.0833333333333,34.916666666666664,58.166666666666664,457.1666666666667
8476467,0.19863243558565444,0.0,0.0,0.0,0.0,400.71666666666664,26.216666666666665,67.5,494.43333333333334
8476468,0.8715995508663665,0.7023935131220606,0.0,0.0,0.0,510.65,45.18333333333334,101.41666666666667,657.25
8476469,0.3932804670240339,1.224848030647067,0.0,0.0,0.0,459.26666666666665,51.78333333333333,76.13333333333333,587.1833333333333
8476473,0.13997147031498292,0.060006839785016024,0.0,0.0,0.0,423.0,61.75,83.46666666666667,568.2166666666667
8476474,0.5294429281212196,0.0,0.0,0.0,0.0,328.1,25.71666666666667,52.53333333333333,406.35
8476479,0.6213564638760818,0.10311938147117108,0.0,0.0,0.0,373.93333333333334,43.7,74.23333333333333,491.8666666666667
8476480,0.5672028873034081,0.7219842339189396,0.0,0.0,0.0,457.6666666666667,36.483333333333334,85.21666666666667,579.3666666666667
8476483,0.7207305265422883,0.5808344014215554,0.0,0.0,0.0,169.41666666666666,18.633333333333333,38.53333333333333,226.58333333333334
8476525,0.1159151555810656,0.0,0.0,0.0,0.0,145.83333333333331,18.683333333333334,32.233333333333334,196.75
8476539,0.555543767446164,0.0,0.0,0.0,0.0,394.68333333333334,48.31666666666666,87.98333333333333,530.9833333333333
8476624,0.6290649231456692,0.7119056764259293,0.0,0.0,0.0,377.65,41.8,76.16666666666667,495.6166666666667
8476822,0.2930331246790237,0.0,0.0,0.0,0.0,351.76666666666665,29.4,44.45,425.6166666666667
8476826,0.7133250405734324,0.37568406282939876,0.0,0.0,0.0,487.23333333333335,47.016666666666666,95.93333333333334,630.1833333333334
8476853,0.4074573378314728,0.0,0.0,0.0,0.0,442.1166666666667,54.31666666666666,86.78333333333333,583.2166666666667
8476854,0.1956452955035492,0.0,0.0,0.0,0.0,351.48333333333335,40.56666666666667,74.5,466.55
8476856,0.14487417964848037,0.0,0.0,0.0,0.0,160.73333333333332,9.783333333333333,18.266666666666666,188.78333333333333
8476867,0.4076207061562984,0.564481168294432,0.0,0.0,0.0,145.08333333333334,21.566666666666666,26.6,193.25
8476869,0.28173384930599593,0.15781645312861783,0.0,0.0,0.0,387.85,51.96666666666667,92.85,532.6666666666666
8476871,0.3655285818566152,0.04911999466479973,0.0,0.0,0.0,278.6166666666667,26.816666666666666,41.35,346.78333333333336
8476872,0.7942412905426977,0.8346678539526802,0.0,0.0,0.0,155.48333333333335,17.016666666666666,22.683333333333334,195.18333333333334
8476873,0.6857628989214357,0.653219883441925,0.0,0.0,0.0,243.26666666666668,20.833333333333332,24.55,288.65
8476874,0.14764309328581604,0.0,0.0,0.0,0.0,188.53333333333333,15.466666666666667,36.233333333333334,240.23333333333332
8476875,0.36536639792495507,0.06019697003340529,0.0,0.0,0.0,421.1666666666667,48.28333333333333,60.233333333333334,529.6833333333333
8476878,0.7660808273275984,0.09709005530976571,0.0,0.0,0.0,367.3666666666667,42.2,69.15,478.71666666666664
8476879,0.18801842684116274,0.07926441804074602,0.0,0.0,0.0,381.4166666666667,39.733333333333334,66.61666666666667,487.76666666666665
8476880,0.8656205703575292,0.32823975226808355,0.0,0.0,0.0,440.1,64.83333333333333,104.51666666666667,609.45
8476881,0.9666508593126976,0.0,0.0,0.0,0.0,455.6666666666667,44.88333333333333,85.10000000000001,585.65
8476882,0.4557319820952528,0.5436112279976805,0.0,0.0,0.0,326.55,38.766666666666666,50.88333333333333,416.2
8476883,0.0,0.0,0.0,0.0,0.0,387.5,60.86666666666667,122.81666666666666,571.1833333333333
8476885,0.3672786044790773,0.2534800602634373,0.0,0.0,0.0,494.56666666666666,59.81666666666667,101.38333333333333,655.7666666666667
8476887,0.9325579461926177,0.0,0.0,0.0,0.0,519.1666666666666,79.71666666666667,137.85,736.7333333333333
8476889,0.4596536260808988,0.23801454082647594,0.0,0.0,0.0,347.6666666666667,43.3,71.21666666666667,462.18333333333334
8476891,0.18592988302370528,0.0,0.0,0.0,0.0,385.15,42.31666666666667,57.583333333333336,485.05
8476892,0.31386669049178173,0.02932927408475167,0.0,0.0,0.0,424.2,37.266666666666666,70.21666666666667,531.6833333333333
8476897,0.5425939591898346,0.06843852335691247,0.0,0.0,0.0,201.83333333333334,19.383333333333333,43.85,265.06666666666666
8476899,0.0,0.0,0.0,0.0,0.0,94.53333333333333,6.766666666666667,18.116666666666667,119.41666666666667
8476902,0.28009143045176454,0.09680724460387416,0.0,0.0,0.0,480.2833333333333,57.56666666666666,97.2,635.05
8476905,0.42640778476843016,0.823116933406768,0.0,0.0,0.0,360.25,37.86666666666667,75.28333333333333,473.40000000000003
8476906,0.39457835723037643,0.025280499214234774,0.0,0.0,0.0,303.48333333333335,38.61666666666667,55.15,397.25
8476907,0.39482508294695007,0.0,0.0,0.0,0.0,88.9,7.550000000000001,9.966666666666667,106.41666666666667
8476914,0.0,0.0,0.0,0.0,0.0,254.45,32.81666666666666,64.35,351.6166666666667
8476917,0.47034777567590025,0.13631286390923347,0.0,0.0,0.0,377.01666666666665,44.4,81.6,503.01666666666665
8476921,0.7479241478535972,1.1110601082701381,0.0,0.0,0.0,484.43333333333334,46.65,73.51666666666667,604.6
8476923,0.40402868572406186,0.0,0.0,0.0,0.0,416.51666666666665,29.95,55.68333333333333,502.15
8476925,0.5114837722974697,0.1798970498502686,0.0,0.0,0.0,344.65,25.316666666666666,55.68333333333334,425.65
8476927,0.9856078314454587,0.6351458865243036,0.0,0.0,0.0,7.3,1.8499999999999999,0.5333333333333333,9.683333333333334
8476931,0.20741313269430148,0.0,0.0,0.0,0.0,379.1,48.4,74.95,502.45
8476932,0.0,0.0,0.0,0.0,0.0,240.55,33.25,60.11666666666667,333.9166666666667
8476945,0.0,0.0,0.0,0.0,0.0,355.3333333333333,49.05,85.33333333333333,489.71666666666664
8476952,0.28293000755943976,0.0,0.0,0.0,0.0,31.216666666666665,3.716666666666667,6.1,41.03333333333333
8476958,0.12741801160990232,0.0,0.0,0.0,0.0,65.15,8.216666666666667,14.7,88.06666666666668
8476967,0.15030348406041502,0.13849956992075224,0.0,0.0,0.0,387.03333333333336,28.516666666666666,61.43333333333334,476.98333333333335
8476979,0.15321696346456354,0.0,0.0,0.0,0.0,13.75,1.1166666666666667,0.4666666666666667,15.333333333333334
8476981,0.6357466564578247,0.4396834706901694,0.0,0.0,0.0,402.65,44.833333333333336,69.16666666666666,516.65
8476994,0.5542968522843107,0.0,0.0,0.0,0.0,264.0833333333333,29.616666666666667,42.63333333333333,336.3333333333333
8476999,0.0,0.0,0.0,0.0,0.0,554.6833333333333,71.0,117.85,743.5333333333333
8477015,0.8504183110920812,0.5209815561553184,0.0,0.0,0.0,241.68333333333334,27.15,42.333333333333336,311.1666666666667
8477018,0.31047669742714235,0.0,0.0,0.0,0.0,322.0833333333333,22.333333333333332,48.63333333333333,393.05
8477070,0.7262910844687694,0.0,0.0,0.0,0.0,257.75,23.416666666666668,34.28333333333333,315.45
8477073,0.05917557260057273,0.0,0.0,0.0,0.0,83.46666666666667,4.516666666666667,13.65,101.63333333333334
8477149,1.0579569761618852,0.0,0.0,0.0,0.0,62.166666666666664,6.066666666666666,12.1,80.33333333333333
8477220,0.25816214080730626,0.0,0.0,0.0,0.0,438.78333333333336,51.083333333333336,78.65,568.5166666666667
8477346,0.21104738479801685,0.017238272633042975,0.0,0.0,0.0,624.9166666666666,66.48333333333333,119.0,810.4
8477365,0.08637269854956002,0.0,0.0,0.0,0.0,239.63333333333333,28.166666666666668,47.483333333333334,315.28333333333336
8477369,0.20809445426897955,0.0,0.0,0.0,0.0,520.6166666666667,34.15,64.96666666666667,619.7333333333333
8477380,0.7008181236200879,0.0,0.0,0.0,0.0,295.9,22.666666666666668,40.5,359.06666666666666
8477401,0.25022876621495926,0.0,0.0,0.0,0.0,46.233333333333334,2.0666666666666664,2.8166666666666664,51.11666666666667
8477402,0.8145549967035473,0.11330693707320302,0.0,0.0,0.0,382.7,33.266666666666666,74.75,490.71666666666664
8477404,1.066119085040734,0.6340737966608508,0.0,0.0,0.0,417.9166666666667,49.333333333333336,91.16666666666667,558.4166666666666
8477406,1.0967025319164132,0.4022931332116599,0.0,0.0,0.0,137.13333333333333,9.1,21.53333333333333,167.76666666666665
8477407,0.6111763935387626,0.0,0.0,0.0,0.0,265.1166666666667,21.883333333333333,34.65,321.65
8477409,1.0114011765971345,0.0,0.0,0.0,0.0,412.66666666666663,63.6,96.33333333333333,572.6
8477416,0.5794696420338245,0.0,0.0,0.0,0.0,418.45,53.05,90.36666666666666,561.8666666666667
8477419,0.010406359473156438,0.0,0.0,0.0,0.0,66.43333333333334,7.566666666666666,16.0,90.0
8477424,0.0,0.0,0.0,0.0,0.0,535.65,86.36666666666667,141.5,763.5166666666667
8477425,1.1114247038570086,0.0250573276333965,0.0,0.0,0.0,361.78333333333336,39.016666666666666,60.86666666666667,461.6666666666667
8477426,0.6433064714667612,0.0,0.0,0.0,0.0,191.45,24.21666666666667,39.81666666666666,255.48333333333332
8477429,0.8249080716150978,0.21835685591629847,0.0,0.0,0.0,370.2,32.95,51.85,455.0
8477435,0.28250731490819075,0.0,0.0,0.0,0.0,216.54999999999998,21.683333333333334,45.0,283.23333333333335
8477444,0.7821167090409884,0.0,0.0,0.0,0.0,370.2166666666667,41.516666666666666,71.31666666666666,483.05
8477446,0.7338467098440681,0.016355278242078466,0.0,0.0,0.0,398.0833333333333,54.6,90.3,542.9833333333333
8477447,0.5093267253705223,0.10239043441535163,0.0,0.0,0.0,462.7,39.983333333333334,84.9,587.5833333333334
8477450,0.5629158514451301,0.5965549957077458,0.0,0.0,0.0,242.13333333333333,22.083333333333332,41.0,305.2166666666667
8477451,0.7065309925796698,0.0,0.0,0.0,0.0,423.95,50.06666666666666,69.25,543.2666666666667
8477454,0.55158031776692,0.0,0.0,0.0,0.0,218.18333333333334,22.95,44.71666666666667,285.85
8477456,0.6763755539059331,0.218065814930653,0.0,0.0,0.0,403.2,39.56666666666666,57.016666666666666,499.7833333333333
8477463,0.07819952617502014,0.0,0.0,0.0,0.0,96.2,10.033333333333333,10.516666666666666,116.75
8477465,0.0,0.0,0.0,0.0,0.0,335.73333333333335,33.016666666666666,71.2,439.95
8477476,1.810480681192455,0.06257831858290307,0.0,0.0,0.0,359.8666666666667,55.266666666666666,102.98333333333333,518.1166666666667
8477478,0.7843226945353092,0.0,0.0,0.0,0.0,362.31666666666666,39.93333333333334,58.833333333333336,461.0833333333333
8477479,1.080774794696399,0.0,0.0,0.0,0.0,366.1,45.35,76.58333333333333,488.03333333333336
8477480,0.0,0.0,0.0,0.0,0.0,309.6,41.68333333333334,70.71666666666667,422.0
8477488,0.4152730832438235,0.0,0.0,0.0,0.0,100.95,13.033333333333333,20.216666666666665,134.2
8477492,1.4592158595741966,0.0,0.0,0.0,0.0,486.46666666666664,61.4,126.53333333333333,674.4
8477494,0.8342922393548241,0.0,0.0,0.0,0.0,315.2833333333333,28.433333333333334,55.1,398.81666666666666
8477495,0.2439321331669511,0.060625970937921256,0.0,0.0,0.0,449.9166666666667,56.96666666666667,106.35,613.2333333333333
8477496,0.6025520092453635,0.0,0.0,0.0,0.0,237.15,28.233333333333334,49.31666666666666,314.7
8477497,0.7289501497963908,0.7220239262885735,0.0,0.0,0.0,384.1666666666667,39.18333333333333,50.166666666666664,473.51666666666665
8477498,0.4043954573352725,0.0,0.0,0.0,0.0,485.3333333333333,52.35,88.78333333333333,626.4666666666667
8477499,0.21487892480547896,0.0,0.0,0.0,0.0,9.7,2.1166666666666667,2.3,14.116666666666665
8477500,0.8269843328199012,0.5509683476777434,0.0,0.0,0.0,564.5333333333333,48.75,95.83333333333333,709.1166666666667
8477501,0.8489482954963239,0.16221283833731706,0.0,0.0,0.0,370.93333333333334,39.96666666666667,86.93333333333334,497.8333333333333
8477503,0.6888468038337374,0.0,0.0,0.0,0.0,266.9,38.416666666666664,59.6,364.9166666666667
8477504,0.3107086447576094,0.15279229829255703,0.0,0.0,0.0,399.3833333333333,43.36666666666667,76.88333333333334,519.6333333333333
8477505,0.7565169868144246,0.08020888544025415,0.0,0.0,0.0,326.06666666666666,39.88333333333333,69.13333333333333,435.0833333333333
8477506,0.19271019122783623,0.0,0.0,0.0,0.0,503.25,29.083333333333332,72.71666666666667,605.05
8477507,0.21504084419408345,0.1024388370895327,0.0,0.0,0.0,558.7,66.0,124.11666666666667,748.8166666666667
8477508,0.294004639334997,0.0,0.0,0.0,0.0,256.1,15.8,26.266666666666666,298.1666666666667
8477511,0.9070092297681602,0.0,0.0,0.0,0.0,377.5,32.75,69.6,479.84999999999997
8477527,0.3603216299905074,0.0,0.0,0.0,0.0,443.9,42.333333333333336,58.8,545.0333333333333
8477541,0.08988655826702073,0.0,0.0,0.0,0.0,129.15,11.383333333333333,14.950000000000001,155.48333333333332
8477573,0.5743159893906362,0.017567073204079457,0.0,0.0,0.0,400.1333333333333,32.666666666666664,66.65,499.45
8477810,0.1577243036022486,0.0,0.0,0.0,0.0,376.4166666666667,37.81666666666667,60.13333333333333,474.3666666666667
8477839,0.7577786778050121,0.04537770042083711,0.0,0.0,0.0,430.3666666666667,34.0,74.41666666666667,538.7833333333333
8477845,0.36399966909613063,1.0749083170162632,0.0,0.0,0.0,233.08333333333334,16.916666666666668,31.716666666666665,281.71666666666664
8477903,0.2155320957226369,0.04979026019116646,0.0,0.0,0.0,437.25,43.516666666666666,84.2,564.9666666666667
8477919,0.4924254741771258,0.717791555558934,0.0,0.0,0.0,216.20000000000002,11.333333333333332,35.33333333333333,262.8666666666667
8477932,0.2996109227121042,0.06533879254841266,0.0,0.0,0.0,434.75,54.38333333333333,90.81666666666666,579.95
8477933,0.9318402060115196,0.7504382053193844,0.0,0.0,0.0,482.05,69.25,114.51666666666667,665.8166666666667
8477934,0.9910221301543681,0.42310028709088693,0.0,0.0,0.0,384.6666666666667,42.56666666666667,84.63333333333333,511.8666666666667
8477935,0.9409091473776258,0.22703525269213656,0.0,0.0,0.0,490.95,73.6,108.28333333333333,672.8333333333334
8477938,0.22742604874615222,0.4093249838787705,0.0,0.0,0.0,207.81666666666666,21.533333333333335,35.31666666666667,264.6666666666667
8477939,0.8830270810579128,0.0,0.0,0.0,0.0,295.95,35.75,61.266666666666666,392.96666666666664
8477940,0.7392585502909298,0.1124906678932028,0.0,0.0,0.0,508.9,58.65,93.13333333333334,660.6833333333333
8477942,0.7070594198902228,0.0,0.0,0.0,0.0,592.1,60.61666666666667,103.16666666666667,755.8833333333333
8477946,1.1867975497314,0.7080853067141237,0.0,0.0,0.0,442.23333333333335,50.11666666666667,83.91666666666667,576.2666666666667
8477947,0.7238313941268417,0.0,0.0,0.0,0.0,218.85,12.7,28.766666666666666,260.31666666666666
8477948,0.29379174657477275,0.4610552039347098,0.0,0.0,0.0,508.23333333333335,46.21666666666667,87.5,641.95
8477949,1.248372267212189,0.8082047770927958,0.0,0.0,0.0,388.7,42.61666666666667,79.7,511.01666666666665
8477950,0.23265322014674042,0.0,0.0,0.0,0.0,489.05,32.05,81.16666666666667,602.2666666666667
8477951,0.961559495511166,0.0,0.0,0.0,0.0,433.76666666666665,51.666666666666664,100.73333333333333,586.1666666666666
8477952,0.7316290338953012,0.0,0.0,0.0,0.0,34.81666666666667,2.9,3.9833333333333334,41.7
8477953,0.16293685778232048,0.0,0.0,0.0,0.0,69.14999999999999,6.9,13.083333333333332,89.13333333333333
8477955,0.6585126494999266,0.0,0.0,0.0,0.0,186.85,12.383333333333333,32.56666666666667,231.8
8477956,0.9866590746991898,0.0,0.0,0.0,0.0,373.95,58.25,127.58333333333334,559.7833333333333
8477960,0.6147215451494397,0.27286700780925954,0.0,0.0,0.0,600.6666666666666,67.39999999999999,125.43333333333334,793.5
8477964,1.0224777920207757,0.0,0.0,0.0,0.0,421.1166666666667,33.3,62.93333333333333,517.35
8477967,0.0,0.0,0.0,0.0,0.0,251.36666666666667,39.81666666666666,69.0,360.18333333333334
8477968,0.0,0.0,0.0,0.0,0.0,306.06666666666666,39.46666666666667,78.35,423.8833333333333
8477969,0.1064579315571617,0.07389678747327497,0.0,0.0,0.0,438.6166666666667,36.15,77.63333333333333,552.4
8477970,0.0,0.0,0.0,0.0,0.0,172.5,29.133333333333333,42.88333333333333,244.51666666666665
8477979,0.59985070117361,0.0,0.0,0.0,0.0,51.449999999999996,5.433333333333334,9.0,65.88333333333333
8477986,0.455600575691309,0.0,0.0,0.0,0.0,415.5,35.75,86.05,537.3
8477987,0.8759399375851266,0.0,0.0,0.0,0.0,492.1333333333333,66.38333333333333,88.18333333333334,646.7
8477989,1.2393409235541073,0.8966550860239677,0.0,0.0,0.0,390.05,34.03333333333333,69.31666666666666,493.4
8477992,0.0,0.0,0.0,0.0,0.0,281.81666666666666,41.05,81.1,403.9666666666667
8477993,0.5824433980616266,0.4986256035982362,0.0,0.0,0.0,79.48333333333333,12.416666666666666,35.3,127.2
8477996,0.6601605649567676,0.0,0.0,0.0,0.0,196.36666666666667,8.366666666666667,17.21666666666667,221.95
8477998,0.7701766004362256,0.37748272941439426,0.0,0.0,0.0,328.7166666666667,34.333333333333336,54.28333333333333,417.3333333333333
8478007,0.0,0.0,0.0,0.0,0.0,311.9166666666667,30.016666666666666,56.2,398.1333333333333
8478009,0.0,0.0,0.0,0.0,0.0,531.5,61.78333333333334,128.05,721.3333333333334
8478010,0.6993441422130391,0.0,0.0,0.0,0.0,271.68333333333334,36.2,75.23333333333333,383.1166666666667
8478013,0.23505437097672327,0.38617309074678857,0.0,0.0,0.0,199.66666666666669,20.083333333333332,33.666666666666664,253.41666666666666
8478020,0.8517152498220141,0.15920147188094647,0.0,0.0,0.0,416.7833333333333,47.65,66.25,530.6833333333333
8478024,0.0,0.0,0.0,0.0,0.0,248.43333333333334,28.166666666666664,42.71666666666667,319.31666666666666
8478038,0.4856526455902233,0.06827413316021481,0.0,0.0,0.0,399.28333333333336,35.1,76.95,511.3333333333333
8478042,0.6953276831293075,0.0,0.0,0.0,0.0,325.05,35.43333333333334,79.9,440.3833333333333
8478043,0.08482097990319457,0.0,0.0,0.0,0.0,162.73333333333335,15.933333333333334,25.73333333333333,204.4
8478046,0.7733146582823731,0.0,0.0,0.0,0.0,124.85000000000001,14.066666666666666,27.266666666666666,166.18333333333334
8478047,0.9297747415065266,0.0,0.0,0.0,0.0,372.8333333333333,59.983333333333334,105.71666666666667,538.5333333333333
8478048,0.01726920561217875,0.03545620760527558,0.0,0.0,0.0,592.1,62.95,123.96666666666667,779.0166666666667
8478055,0.24378192446290828,0.015007679941509512,0.0,0.0,0.0,424.8333333333333,42.11666666666667,76.51666666666667,543.4666666666667
8478057,0.604006747982139,0.0,0.0,0.0,0.0,422.23333333333335,37.95,72.26666666666667,532.45
8478062,0.14536163933177032,0.0,0.0,0.0,0.0,21.833333333333332,2.45,1.5166666666666666,25.799999999999997
8478104,0.5442491308223386,0.0,0.0,0.0,0.0,103.05,10.933333333333334,22.416666666666668,136.4
8478109,0.7117966673511902,0.0,0.0,0.0,0.0,398.85,41.65,99.45,539.95
8478133,0.531053539850196,1.5444697437183221,0.0,0.0,0.0,385.5,40.61666666666667,60.55,486.6666666666667
8478136,0.28010470609750354,0.0,0.0,0.0,0.0,413.4666666666667,29.133333333333333,55.63333333333333,498.23333333333335
8478147,0.8280700325004516,0.0,0.0,0.0,0.0,15.5,5.25,4.916666666666667,25.666666666666668
8478173,0.3056737364190286,0.0,0.0,0.0,0.0,132.95,19.233333333333334,26.0,178.18333333333334
8478178,0.4027181003634862,0.02206013920738677,0.0,0.0,0.0,333.7166666666667,41.3,78.86666666666667,453.8833333333333
8478211,0.9380382899917774,0.0,0.0,0.0,0.0,27.916666666666664,1.3666666666666667,4.266666666666667,33.55
8478233,0.6797633447557248,0.1398857488753282,0.0,0.0,0.0,449.5833333333333,37.6,59.9,547.0833333333334
8478366,0.7091508495543547,0.14796781654463992,0.0,0.0,0.0,428.46666666666664,47.2,74.15,549.8166666666666
8478396,0.23950571439150692,0.10155802268008618,0.0,0.0,0.0,438.0,24.15,57.61666666666667,519.7666666666667
8478397,0.483922047056773,0.021756134144654417,0.0,0.0,0.0,502.21666666666664,53.81666666666666,114.56666666666666,670.6
8478398,1.0954712477412494,1.1909897838336299,0.0,0.0,0.0,416.25,47.68333333333333,76.51666666666667,540.45
8478399,0.1280229624949693,0.0,0.0,0.0,0.0,473.9166666666667,37.733333333333334,79.5,591.15
8478401,0.749376884775206,0.20587070601212337,0.0,0.0,0.0,351.1166666666667,35.55,70.63333333333333,457.3
8478402,1.4826649460402672,0.19977733854164204,0.0,0.0,0.0,412.05,51.11666666666667,88.51666666666667,551.6833333333334
8478403,0.9530211145893134,0.8993802497014554,0.0,0.0,0.0,447.0833333333333,48.96666666666667,83.06666666666666,579.1166666666667
8478406,0.0,0.0,0.0,0.0,0.0,226.7,32.7,63.483333333333334,322.8833333333333
8478407,0.35508840960586624,0.0,0.0,0.0,0.0,443.98333333333335,44.4,96.98333333333333,585.3666666666667
8478413,0.8104176189144682,0.0,0.0,0.0,0.0,188.08333333333334,17.916666666666668,38.8,244.8
8478414,0.9766585242722385,0.0,0.0,0.0,0.0,461.26666666666665,48.7,87.1,597.0666666666667
8478416,0.12022178117517142,0.0,0.0,0.0,0.0,276.4166666666667,21.983333333333334,51.13333333333333,349.53333333333336
8478420,1.0725989441778339,0.0,0.0,0.0,0.0,467.75,63.05,100.71666666666667,631.5166666666667
8478421,0.9283763266113604,0.0,0.0,0.0,0.0,346.7,39.31666666666666,61.06666666666666,447.0833333333333
8478424,0.4328379942403452,0.0,0.0,0.0,0.0,186.01666666666668,23.5,34.18333333333333,243.7
8478427,1.0052764567327694,0.6485218660472057,0.0,0.0,0.0,421.9,55.71666666666667,80.68333333333334,558.3
8478434,0.29342924931879727,0.0,0.0,0.0,0.0,428.3833333333333,26.966666666666665,57.483333333333334,512.8333333333334
8478435,0.0,0.0,0.0,0.0,0.0,450.3,56.516666666666666,101.95,608.7666666666667
8478438,0.7176417677121781,0.0,0.0,0.0,0.0,433.2,27.566666666666666,52.766666666666666,513.5333333333333
8478439,0.72048817992372,0.6047442584042492,0.0,0.0,0.0,387.93333333333334,40.833333333333336,86.75,515.5166666666667
8478440,0.8832266767860151,0.0,0.0,0.0,0.0,320.65,37.31666666666667,55.0,412.96666666666664
8478443,0.152667373069111,0.16008381212853579,0.0,0.0,0.0,283.9,26.650000000000002,53.68333333333334,364.23333333333335
8478444,1.0064948304036594,0.0,0.0,0.0,0.0,360.3,39.15,89.95,489.4
8478445,0.8094371076999417,0.18028837626536748,0.0,0.0,0.0,416.98333333333335,35.733333333333334,82.26666666666667,534.9833333333333
8478449,0.6982632039913419,0.04917748919299874,0.0,0.0,0.0,381.26666666666665,45.9,89.08333333333333,516.25
8478450,0.12108944055769597,0.22592167872099456,0.0,0.0,0.0,449.1333333333333,36.016666666666666,72.11666666666667,557.2666666666667
8478452,0.1497820632702244,0.0,0.0,0.0,0.0,83.81666666666666,5.366666666666667,16.2,105.38333333333333
8478454,0.08461567164575007,0.1712181886961294,0.0,0.0,0.0,439.48333333333335,31.53333333333333,75.05,546.0666666666667
8478458,1.115380049594263,0.0,0.0,0.0,0.0,297.3,23.05,36.65,357.0
8478460,0.6598059551094182,0.2005368216178857,0.0,0.0,0.0,481.33333333333337,54.93333333333333,90.08333333333333,626.35
8478462,0.6061294260809927,0.369568926335615,0.0,0.0,0.0,300.6166666666667,31.4,50.53333333333333,382.55
8478463,0.9419178049259589,0.012654925225221278,0.0,0.0,0.0,504.6,40.11666666666667,84.16666666666667,628.8833333333333
8478468,0.12883035216799013,0.0,0.0,0.0,0.0,313.8333333333333,22.383333333333333,57.75,393.96666666666664
8478469,0.34837251365182526,0.03109842235921283,0.0,0.0,0.0,219.88333333333333,23.366666666666667,39.800000000000004,283.05
8478470,0.0,0.0,0.0,0.0,0.0,288.46666666666664,52.550000000000004,79.26666666666667,420.28333333333336
8478472,0.600874274317734,0.4984843316361134,0.0,0.0,0.0,363.8833333333333,34.266666666666666,74.3,472.45
8478474,0.8723290507592535,0.49571586699821796,0.0,0.0,0.0,534.35,55.733333333333334,91.71666666666667,681.8
8478476,0.16495000891196276,0.0,0.0,0.0,0.0,174.71666666666667,20.2,35.43333333333334,230.35
8478483,0.5341988005418491,0.0,0.0,0.0,0.0,484.2,39.233333333333334,72.66666666666667,596.1
8478493,0.5322535218029328,0.048084727699768445,0.0,0.0,0.0,536.3,62.083333333333336,97.08333333333333,695.4666666666667
8478498,0.7848006304609273,0.21719307870143434,0.0,0.0,0.0,462.9,49.916666666666664,93.8,606.6166666666667
8478499,0.0,0.0,0.0,0.0,0.0,114.08333333333333,5.433333333333334,13.216666666666669,132.73333333333335
8478500,0.419707901025523,0.022897703478246052,0.0,0.0,0.0,446.53333333333336,49.233333333333334,74.91666666666667,570.6833333333334
8478502,0.0,0.0,0.0,0.0,0.0,4.6,0.0,0.0,4.6
8478507,0.26324230497710643,0.024684831907795184,0.0,0.0,0.0,478.65,39.65,78.25,596.55
8478508,0.668661656898012,0.13928082676747788,0.0,0.0,0.0,558.6833333333334,67.08333333333333,103.05,728.8166666666667
8478519,1.345113946650898,0.21280338444982574,0.0,0.0,0.0,345.3333333333333,39.46666666666667,64.23333333333333,449.03333333333336
8478542,0.6896844734830614,0.40217891873312706,0.0,0.0,0.0,506.3333333333333,63.78333333333333,98.0,668.1166666666667
8478550,0.9272772458100963,0.0,0.0,0.0,0.0,384.75,40.0,96.06666666666666,520.8166666666667
8478569,0.5020304878587575,0.16679508425295353,0.0,0.0,0.0,183.06666666666666,15.0,24.133333333333333,222.2
8478831,0.4288987045452251,0.48077985478545987,0.0,0.0,0.0,381.35,38.2,66.8,486.34999999999997
8478840,0.09945210878570539,0.3301901325982536,0.0,0.0,0.0,494.6166666666667,36.71666666666667,78.16666666666666,609.5
8478841,0.1253511935618986,0.0,0.0,0.0,0.0,149.18333333333334,8.716666666666667,16.633333333333333,174.53333333333333
8478851,0.19693040202856477,0.04039006498901725,0.0,0.0,0.0,434.15,51.15,75.73333333333333,561.0333333333333
8478854,0.23846317320953134,0.2957478620691271,0.0,0.0,0.0,357.73333333333335,23.78333333333333,66.66666666666667,448.18333333333334
8478856,0.7548958063152591,0.532731073079193,0.0,0.0,0.0,342.25,41.16666666666667,80.36666666666667,463.78333333333336
8478859,0.36341753456761317,0.07391663677367544,0.0,0.0,0.0,376.3666666666667,48.06666666666667,71.1,495.53333333333336
8478864,1.0148790843227387,0.0,0.0,0.0,0.0,495.06666666666666,66.16666666666667,102.48333333333333,663.7166666666667
8478872,0.0,0.0,0.0,0.0,0.0,513.4333333333333,76.65,122.76666666666667,712.85
8478873,1.0163914012803303,1.305172795932436,0.0,0.0,0.0,442.48333333333335,51.63333333333333,93.26666666666667,587.3833333333333
8478874,0.834214387306764,0.0,0.0,0.0,0.0,342.21666666666664,38.96666666666667,70.61666666666667,451.8
8478882,0.29033082345457406,0.09088721371401799,0.0,0.0,0.0,553.6833333333333,42.63333333333333,81.05,677.3666666666667
8478891,0.40614034556303164,0.6048835471837036,0.0,0.0,0.0,360.6166666666667,29.03333333333333,48.35,438.0
8478904,0.47763490465301806,0.17609160315789202,0.0,0.0,0.0,275.2,33.56666666666666,43.56666666666666,352.3333333333333
8478911,0.23414579005951544,0.1916252301089743,0.0,0.0,0.0,474.73333333333335,45.2,89.38333333333334,609.3166666666667
8478916,0.006010597347663568,0.0,0.0,0.0,0.0,397.6333333333333,43.516666666666666,86.31666666666666,527.4666666666667
8478970,0.21293826238118307,0.1892649959484909,0.0,0.0,0.0,392.95,32.333333333333336,58.88333333333333,484.1666666666667
8478975,0.7465574750618938,0.0,0.0,0.0,0.0,423.65,44.516666666666666,83.26666666666667,551.4333333333333
8479022,0.5498042297992767,0.0,0.0,0.0,0.0,347.5833333333333,26.016666666666666,55.13333333333333,428.73333333333335
8479026,0.2273722904766235,0.4357421776240963,0.0,0.0,0.0,133.23333333333335,16.783333333333335,28.450000000000003,178.46666666666667
8479066,0.40439837004596907,0.0,0.0,0.0,0.0,409.8833333333333,44.86666666666667,86.7,541.45
8479193,0.0,0.0,0.0,0.0,0.0,297.3666666666667,43.81666666666667,69.21666666666667,410.4
8479291,2.2924403133599656,0.0,0.0,0.0,0.0,5.366666666666666,0.0,0.0,5.366666666666666
8479292,0.0013375473218947371,0.0,0.0,0.0,0.0,220.18333333333334,37.833333333333336,55.016666666666666,313.03333333333336
8479293,0.24943159258627629,0.0,0.0,0.0,0.0,379.1666666666667,50.56666666666667,76.8,506.53333333333336
8479312,0.0,0.0,0.0,0.0,0.0,313.0833333333333,38.1,79.28333333333333,430.46666666666664
8479316,0.4344206303358078,0.38939844916821226,0.0,0.0,0.0,302.8,34.18333333333333,52.666666666666664,389.65
8479318,1.8142205721305444,0.4201767452349008,0.0,0.0,0.0,317.68333333333334,39.13333333333333,77.88333333333334,434.7
8479323,0.26420597398912604,0.09741306969448726,0.0,0.0,0.0,440.51666666666665,34.25,87.41666666666667,562.1833333333333
8479324,0.23020331456181453,0.022588307879747582,0.0,0.0,0.0,367.28333333333336,23.233333333333334,51.68333333333333,442.2
8479325,0.2578428723203347,0.05228994598261613,0.0,0.0,0.0,337.2,37.43333333333333,77.66666666666667,452.3
8479336,0.38137088267018177,1.0274602917881754,0.0,0.0,0.0,95.46666666666667,6.416666666666667,20.733333333333334,122.61666666666667
8479337,1.1919161134591176,0.0,0.0,0.0,0.0,467.53333333333336,43.45,84.0,594.9833333333333
8479339,0.20776233943678132,0.0,0.0,0.0,0.0,67.51666666666667,11.333333333333332,16.95,95.8
8479343,0.9467938937889735,0.0,0.0,0.0,0.0,456.1666666666667,54.733333333333334,92.78333333333333,603.6833333333333
8479345,0.43334575984417645,0.0,0.0,0.0,0.0,621.1,67.6,131.05,819.75
8479351,0.5108875337712775,1.199487854754931,0.0,0.0,0.0,532.6333333333333,52.21666666666667,84.4,669.25
8479353,0.6355014011764114,0.0,0.0,0.0,0.0,417.65,32.35,67.71666666666667,517.7166666666667
8479359,0.5945575738963299,0.11009365401428359,0.0,0.0,0.0,481.05,60.2,108.55,649.8
8479361,0.0,0.0,0.0,0.0,0.0,181.38333333333333,26.5,37.46666666666667,245.35
8479362,0.16502582205562139,0.0,0.0,0.0,0.0,52.91666666666667,7.366666666666667,12.666666666666666,72.95
8479365,0.6969804217376003,0.0,0.0,0.0,0.0,434.6666666666667,35.3,67.08333333333333,537.05
8479368,0.0,0.0,0.0,0.0,0.0,22.15,3.216666666666667,6.166666666666667,31.53333333333333
8479369,0.15939294009374405,0.16770377431760847,0.0,0.0,0.0,482.56666666666666,54.300000000000004,100.65,637.5166666666667
8479370,0.4004137030089789,0.34382515782263223,0.0,0.0,0.0,264.3333333333333,34.166666666666664,69.66666666666667,368.16666666666663
8479371,0.1348750929495574,0.10574588581733967,0.0,0.0,0.0,417.31666666666666,38.78333333333333,56.46666666666667,512.5666666666667
8479372,0.17296144141327205,0.0,0.0,0.0,0.0,167.93333333333334,18.766666666666666,26.083333333333332,212.78333333333333
8479378,0.2462855161625282,0.047312264038921865,0.0,0.0,0.0,503.18333333333334,52.233333333333334,87.68333333333334,643.1
8479383,0.285236762494457,0.0,0.0,0.0,0.0,36.75,0.0,2.0166666666666666,38.766666666666666
8479385,0.938660327736496,0.0,0.0,0.0,0.0,361.6666666666667,31.383333333333333,62.416666666666664,455.46666666666664
8479390,0.5204159861005341,1.382106196767879,0.0,0.0,0.0,328.26666666666665,22.083333333333332,43.5,393.85
8479393,0.39090435828518943,0.04945442380924379,0.0,0.0,0.0,202.21666666666667,20.666666666666668,30.816666666666666,253.70000000000002
8479394,0.0,0.0,0.0,0.0,0.0,100.95,6.033333333333333,16.766666666666666,123.75
8479395,0.16525546623455956,0.10891646653329348,0.0,0.0,0.0,166.06666666666666,17.65,22.03333333333333,205.75
8479398,0.26078326910290717,0.0,0.0,0.0,0.0,225.13333333333333,21.21666666666667,46.88333333333333,293.23333333333335
8479400,0.7909576598873055,0.0,0.0,0.0,0.0,70.63333333333334,7.4,12.683333333333334,90.71666666666667
8479402,0.14045373249379567,0.0,0.0,0.0,0.0,214.78333333333333,25.933333333333334,41.03333333333333,281.75
8479406,0.0,0.0,0.0,0.0,0.0,502.35,66.98333333333333,109.58333333333333,678.9166666666666
8479407,0.7637359233844336,0.3653738652158699,0.0,0.0,0.0,494.8333333333333,43.416666666666664,82.41666666666667,620.6666666666666
8479410,0.3200200733197825,0.27716792209918234,0.0,0.0,0.0,450.23333333333335,57.983333333333334,95.15,603.3666666666667
8479414,0.3700613164100496,0.0,0.0,0.0,0.0,246.23333333333335,25.233333333333334,44.166666666666664,315.6333333333333
8479420,1.0627059044456222,0.0,0.0,0.0,0.0,463.5833333333333,67.91666666666667,119.73333333333333,651.2333333333333
8479421,0.024025899568171645,0.0,0.0,0.0,0.0,136.1,8.133333333333333,18.05,162.28333333333333
8479425,0.20177115982442667,0.04990819742741294,0.0,0.0,0.0,484.55,58.016666666666666,115.38333333333333,657.95
8479442,0.16755380494963365,0.0,0.0,0.0,0.0,247.76666666666665,24.53333333333333,35.53333333333333,307.8333333333333
8479496,0.006014683928348876,0.0,0.0,0.0,0.0,257.3666666666667,28.333333333333336,47.0,332.7
8479520,0.4733710140775911,0.0941909323989248,0.0,0.0,0.0,417.05,43.46666666666667,74.41666666666667,534.9333333333333
8479525,0.8811318348014947,0.0,0.0,0.0,0.0,563.45,58.833333333333336,126.25,748.5333333333333
8479533,0.457107108859521,0.0,0.0,0.0,0.0,132.5,4.25,15.783333333333333,152.53333333333333
8479542,1.5977210974385772,0.7452533077854085,0.0,0.0,0.0,377.8,52.8,124.43333333333334,555.0333333333333
8479576,0.07957021637827895,0.0,0.0,0.0,0.0,244.55,29.7,56.416666666666664,330.6666666666667
8479591,0.5877266061390598,0.0,0.0,0.0,0.0,461.93333333333334,42.5,88.33333333333333,592.7666666666667
8479619,0.8805773940939976,0.0,0.0,0.0,0.0,501.93333333333334,53.35,90.41666666666667,645.7
8479638,1.213617242032987,0.0,0.0,0.0,0.0,208.95,15.0,27.766666666666666,251.71666666666667
8479644,0.7165819347243417,0.0,0.0,0.0,0.0,44.0,1.1333333333333333,5.866666666666667,51.0
8479661,0.7330532443475466,0.6286703384857127,0.0,0.0,0.0,449.01666666666665,44.15,97.68333333333334,590.85
8479671,0.8238614120383352,0.2692686003135656,0.0,0.0,0.0,307.6166666666667,30.03333333333333,51.13333333333333,388.7833333333333
8479675,0.7305625384996152,0.6464781201929335,0.0,0.0,0.0,425.7833333333333,44.083333333333336,66.16666666666667,536.0333333333333
8479705,1.0606916467510743,0.0,0.0,0.0,0.0,112.41666666666667,11.65,20.45,144.51666666666668
8479772,0.4454817414307256,0.0,0.0,0.0,0.0,42.266666666666666,5.216666666666667,6.516666666666667,54.0
8479941,0.46406930670592694,0.0,0.0,0.0,0.0,29.21666666666667,2.5500000000000003,9.483333333333333,41.25
8479944,0.5590242340440938,0.03461313386890749,0.0,0.0,0.0,175.26666666666668,17.483333333333334,38.05,230.8
8479973,0.0,0.0,0.0,0.0,0.0,535.6833333333333,59.0,106.53333333333333,701.2166666666667
8479977,0.6625473806080906,0.25556147805904317,0.0,0.0,0.0,251.76666666666668,26.683333333333334,42.0,320.45
8479979,0.0,0.0,0.0,0.0,0.0,532.2166666666667,69.61666666666667,102.35,704.1833333333333
8479980,0.20773602936480623,0.0,0.0,0.0,0.0,306.75,36.31666666666667,73.43333333333334,416.5
8479981,0.3619510110810148,0.0,0.0,0.0,0.0,106.6,9.75,22.6,138.95
8479982,0.15769329199220905,0.009972946488679916,0.0,0.0,0.0,423.98333333333335,49.63333333333333,81.9,555.5166666666667
8479983,0.2091938889242788,0.08964546924895997,0.0,0.0,0.0,430.95,59.5,98.61666666666667,589.0666666666667
8479985,0.15611441108094393,0.0,0.0,0.0,0.0,55.65,7.1,5.766666666666667,68.51666666666667
8479987,1.16705883763308,0.0,0.0,0.0,0.0,411.93333333333334,47.65,125.01666666666667,584.6
8479992,0.7810181708167678,0.0,0.0,0.0,0.0,337.1,25.166666666666668,46.55,408.81666666666666
8479996,0.841537373650745,0.0,0.0,0.0,0.0,294.93333333333334,20.016666666666666,42.21666666666667,357.1666666666667
8479998,0.24965029322031598,0.00884772786982412,0.0,0.0,0.0,398.5,56.916666666666664,81.73333333333333,537.15
8479999,0.9159451813572623,0.0,0.0,0.0,0.0,210.2,23.7,44.6,278.5
8480001,0.15520665463007094,0.0,0.0,0.0,0.0,242.28333333333333,10.3,23.233333333333334,275.81666666666666
8480002,0.8352479094680401,1.1896789164743946,0.0,0.0,0.0,476.15000000000003,47.95,92.5,616.6
8480003,0.3303738895370252,0.15606404434868792,0.0,0.0,0.0,466.05,56.81666666666666,96.16666666666667,619.0333333333333
8480009,0.38105435849712704,0.0,0.0,0.0,0.0,578.8833333333333,46.75,99.45,725.0833333333334
8480012,0.9097688381932577,0.4784805744734869,0.0,0.0,0.0,311.23333333333335,40.63333333333333,84.3,436.1666666666667
8480014,1.2909082347745522,0.0,0.0,0.0,0.0,369.35,40.78333333333333,83.13333333333334,493.26666666666665
8480015,0.8926925757693964,0.19390201460565504,0.0,0.0,0.0,442.20000000000005,43.75,86.73333333333333,572.6833333333334
8480018,0.8780075457043683,0.1142628316044554,0.0,0.0,0.0,480.1,46.4,75.46666666666667,601.9666666666667
8480021,0.4598791917421699,0.0,0.0,0.0,0.0,84.53333333333333,15.383333333333333,15.616666666666667,115.53333333333333
8480023,0.624267297383068,0.6124515681228868,0.0,0.0,0.0,276.01666666666665,24.733333333333334,52.56666666666666,353.31666666666666
8480027,1.2504420102101612,0.0,0.0,0.0,0.0,513.4,58.96666666666667,106.8,679.1666666666666
8480028,0.804383181578067,0.0,0.0,0.0,0.0,387.8333333333333,40.75,77.60000000000001,506.18333333333334
8480035,0.18341554296877788,0.0,0.0,0.0,0.0,332.6,29.733333333333334,63.7,426.0333333333333
8480036,0.3947576957729909,0.09807216477167598,0.0,0.0,0.0,526.6166666666667,71.88333333333333,102.91666666666667,701.4166666666666
8480039,0.8254336192836826,0.0,0.0,0.0,0.0,468.3666666666667,56.766666666666666,109.05,634.1833333333334
8480043,0.1660834341392938,0.07183535454068583,0.0,0.0,0.0,345.15,32.233333333333334,79.45,456.8333333333333
8480045,0.0,0.0,0.0,0.0,0.0,235.98333333333332,33.18333333333333,52.083333333333336,321.25
8480049,0.20806568487758104,0.2861385175577096,0.0,0.0,0.0,215.41666666666666,22.96666666666667,25.683333333333334,264.06666666666666
8480051,0.0,0.0,0.0,0.0,0.0,51.0,9.033333333333333,15.033333333333333,75.06666666666666
8480058,0.16081259074095788,0.0,0.0,0.0,0.0,105.08333333333333,5.266666666666667,14.283333333333333,124.63333333333334
8480064,0.8127060551163134,0.0,0.0,0.0,0.0,84.15,10.200000000000001,20.316666666666666,114.66666666666667
8480068,1.011927664274041,1.18928367815139,0.0,0.0,0.0,231.63333333333333,25.55,44.4,301.5833333333333
8480069,0.5388001158566014,0.25738935955356607,0.0,0.0,0.0,432.03333333333336,61.53333333333333,133.2,626.7666666666667
8480074,0.5052022625132132,0.0,0.0,0.0,0.0,270.0833333333333,23.15,41.38333333333333,334.6166666666667
8480078,1.5583500887206903,0.0,0.0,0.0,0.0,82.76666666666667,7.816666666666666,13.383333333333333,103.96666666666667
8480084,0.3473795484372568,0.0,0.0,0.0,0.0,122.9,10.9,15.833333333333334,149.63333333333333
8480113,0.7175107623179057,0.05717698359009675,0.0,0.0,0.0,344.9166666666667,37.85,56.93333333333334,439.7
8480144,0.5285113401208932,1.5412702372670175,0.0,0.0,0.0,145.43333333333334,10.416666666666666,26.65,182.5
8480145,0.1604309499758448,0.0,0.0,0.0,0.0,402.05,46.3,80.66666666666667,529.0166666666667
8480185,0.7608268579727799,0.3694446936424874,0.0,0.0,0.0,308.81666666666666,53.18333333333334,82.63333333333333,444.6333333333333
8480188,0.6953506858817676,0.0,0.0,0.0,0.0,458.1333333333333,39.983333333333334,72.0,570.1166666666667
8480193,0.0,0.0,0.0,0.0,0.0,222.01666666666665,34.43333333333334,54.4,310.85
8480196,0.2437781557147385,0.0,0.0,0.0,0.0,204.01666666666665,10.85,24.616666666666667,239.48333333333335
8480208,0.8816050177939772,0.0,0.0,0.0,0.0,417.31666666666666,41.300000000000004,79.03333333333333,537.65
8480220,0.8376593582135408,0.3931593429739232,0.0,0.0,0.0,394.5,33.43333333333334,57.86666666666667,485.8
8480238,0.0,0.0,0.0,0.0,0.0,17.066666666666666,2.283333333333333,9.933333333333334,29.28333333333333
8480245,1.0604858387488814,0.0,0.0,0.0,0.0,45.36666666666667,9.75,15.149999999999999,70.26666666666667
8480246,0.28266980524741925,0.048141004626975764,0.0,0.0,0.0,304.25,41.18333333333333,77.38333333333334,422.81666666666666
8480259,0.4876796907876019,0.0,0.0,0.0,0.0,238.08333333333334,29.45,37.666666666666664,305.2
8480280,0.0,0.0,0.0,0.0,0.0,512.7,70.55,121.58333333333333,704.8333333333334
8480281,0.6301548272381886,0.4635885994379518,0.0,0.0,0.0,234.41666666666666,15.216666666666667,34.18333333333334,283.81666666666666
8480289,0.6694003308062201,0.8968013154984339,0.0,0.0,0.0,354.9666666666667,26.0,52.300000000000004,433.26666666666665
8480313,0.0,0.0,0.0,0.0,0.0,527.8166666666667,66.35,122.71666666666667,716.8833333333333
8480336,0.3838888490059229,0.028260734254459345,0.0,0.0,0.0,563.7666666666667,70.68333333333334,107.33333333333333,741.7833333333333
8480355,0.8646965264667924,0.28214437601708214,0.0,0.0,0.0,478.9166666666667,50.68333333333334,100.68333333333334,630.2833333333333
8480426,0.1940705909789883,0.053394964537783515,0.0,0.0,0.0,401.4166666666667,45.35,86.86666666666667,533.6333333333333
8480434,0.2932147049960268,0.0,0.0,0.0,0.0,195.51666666666668,18.4,43.25,257.1666666666667
8480448,0.5109463411585551,0.992207294246612,0.0,0.0,0.0,513.5666666666667,49.416666666666664,116.15,679.1333333333333
8480459,1.241753986257945,0.9023571294234861,0.0,0.0,0.0,318.93333333333334,26.15,61.63333333333333,406.71666666666664
8480727,0.16329360791624853,0.0,0.0,0.0,0.0,428.31666666666666,28.6,69.51666666666667,526.4333333333333
8480748,0.6688992642615464,1.0835888748478433,0.0,0.0,0.0,569.5666666666667,70.58333333333333,135.13333333333333,775.2833333333333
8480762,0.7676095049288251,0.39063953864355233,0.0,0.0,0.0,284.55,23.566666666666666,37.0,345.1166666666667
8480796,0.34063434656461794,0.1502915372571943,0.0,0.0,0.0,391.3333333333333,30.533333333333335,70.43333333333334,492.3
8480797,1.1073848132281885,0.36566097585786667,0.0,0.0,0.0,407.56666666666666,49.733333333333334,97.26666666666667,554.5666666666667
8480798,0.529429441861606,0.0,0.0,0.0,0.0,399.98333333333335,48.766666666666666,75.93333333333334,524.6833333333333
8480800,0.411097253726271,0.0,0.0,0.0,0.0,365.1333333333333,49.583333333333336,98.63333333333333,513.35
8480801,1.2377373534822422,0.0,0.0,0.0,0.0,168.86666666666667,35.13333333333333,51.38333333333333,255.38333333333333
8480802,0.48507273375999244,0.9280614791206361,0.0,0.0,0.0,333.4166666666667,41.15,67.65,442.2166666666667
8480803,0.35477060705331465,0.1392420027183547,0.0,0.0,0.0,516.0333333333333,54.85,85.58333333333333,656.4666666666667
8480806,0.46414731905178863,0.45698492032625215,0.0,0.0,0.0,300.81666666666666,31.366666666666667,45.46666666666667,377.65
8480807,0.3493402895498015,0.09820973558790523,0.0,0.0,0.0,396.56666666666666,50.06666666666666,80.95,527.5833333333334
8480813,0.4450882151210131,0.0,0.0,0.0,0.0,372.93333333333334,41.9,54.1,468.93333333333334
8480817,0.4426540811902151,0.07285954841518107,0.0,0.0,0.0,402.8833333333333,41.7,64.25,508.8333333333333
8480825,0.04165500150429969,0.0,0.0,0.0,0.0,34.983333333333334,1.2166666666666668,5.316666666666666,41.516666666666666
8480828,0.12913479453951585,0.0,0.0,0.0,0.0,52.18333333333334,3.75,9.933333333333334,65.86666666666667
8480829,0.5171293891722846,0.0,0.0,0.0,0.0,220.81666666666666,21.383333333333333,34.3,276.5
8480830,0.7476915087188137,0.0,0.0,0.0,0.0,523.6833333333334,52.15,83.53333333333333,659.3666666666667
8480831,0.10490480727636017,0.0,0.0,0.0,0.0,252.05,31.1,48.56666666666666,331.71666666666664
8480834,0.07881069927107724,0.017997684291980235,0.0,0.0,0.0,458.51666666666665,39.78333333333333,73.36666666666666,571.6666666666666
8480835,0.7648690310302743,0.5669279437217694,0.0,0.0,0.0,397.06666666666666,42.96666666666667,99.48333333333333,539.5166666666667
8480839,0.5538301978272133,0.0,0.0,0.0,0.0,385.6666666666667,49.78333333333333,94.68333333333334,530.1333333333333
8480840,0.7872794270421841,0.04223679889970859,0.0,0.0,0.0,225.53333333333333,26.3,31.666666666666668,283.5
8480842,0.9977028030332269,2.016710362989794,0.0,0.0,0.0,206.13333333333333,5.866666666666666,30.6,242.6
8480843,0.0,0.0,0.0,0.0,0.0,455.98333333333335,55.9,107.98333333333333,619.8666666666667
8480848,0.5422293880068723,0.8832609985220717,0.0,0.0,0.0,468.93333333333334,62.583333333333336,117.36666666666667,648.8833333333333
8480849,1.2109873869526282,0.0,0.0,0.0,0.0,307.56666666666666,29.133333333333333,54.266666666666666,390.96666666666664
8480855,0.7056075176529112,0.15466812640419905,0.0,0.0,0.0,550.2333333333333,54.9,109.4,714.5333333333333
8480860,0.27706988799343935,0.17050558870488947,0.0,0.0,0.0,355.45,30.616666666666667,66.13333333333334,452.2
8480865,0.3010048408934679,0.22527349725668933,0.0,0.0,0.0,446.9666666666667,50.9,76.05,573.9166666666666
8480871,0.09466055925525245,0.0,0.0,0.0,0.0,94.28333333333333,3.9000000000000004,17.433333333333334,115.61666666666667
8480873,0.2482525871573306,0.10509327065955393,0.0,0.0,0.0,392.85,31.05,54.583333333333336,478.48333333333335
8480874,0.16323280827914527,0.0,0.0,0.0,0.0,38.05,1.4166666666666667,3.716666666666667,43.18333333333333
8480876,0.4901892267515676,0.0,0.0,0.0,0.0,272.5333333333333,18.75,41.05,332.3333333333333
8480878,0.1079412260856814,0.0,0.0,0.0,0.0,100.2,8.1,11.983333333333333,120.28333333333333
8480879,0.20532389489193958,0.0,0.0,0.0,0.0,242.76666666666665,21.21666666666667,32.78333333333333,296.76666666666665
8480887,0.30472128596724896,0.0,0.0,0.0,0.0,51.916666666666664,5.616666666666667,15.366666666666667,72.89999999999999
8480891,0.3767922803874081,0.0,0.0,0.0,0.0,112.78333333333333,10.666666666666666,21.583333333333332,145.03333333333333
8480893,1.0269010606992237,0.08539368462035232,0.0,0.0,0.0,503.1333333333333,50.516666666666666,84.93333333333334,638.5833333333334
8480947,0.0,0.0,0.0,0.0,0.0,348.08333333333337,37.916666666666664,78.36666666666667,464.3666666666667
8480950,0.05798616833072301,0.01090810878357296,0.0,0.0,0.0,334.8833333333333,31.849999999999998,67.26666666666667,434.0
8480980,0.5264333596406339,0.8932890359156556,0.0,0.0,0.0,482.6166666666667,35.1,86.83333333333333,604.55
8480981,0.0,0.0,0.0,0.0,0.0,317.25,49.36666666666667,77.3,443.91666666666663
8480990,0.12450060563356762,0.03904007895480367,0.0,0.0,0.0,146.3,20.05,27.916666666666664,194.26666666666668
8480995,0.7228364696222335,0.0,0.0,0.0,0.0,332.51666666666665,41.7,79.8,454.01666666666665
8481006,0.10295688778226812,0.01868795693400079,0.0,0.0,0.0,467.51666666666665,31.083333333333332,59.583333333333336,558.1833333333333
8481013,0.9616887776724341,0.0,0.0,0.0,0.0,162.06666666666666,13.5,25.516666666666666,201.08333333333334
8481014,0.15906471734391922,0.0,0.0,0.0,0.0,226.33333333333334,23.316666666666666,34.11666666666667,283.76666666666665
8481020,0.0,0.0,0.0,0.0,0.0,170.23333333333335,24.166666666666664,41.35,235.75
8481024,0.7388419610406084,0.0,0.0,0.0,0.0,354.73333333333335,36.8,78.55,470.0833333333333
8481030,0.0,0.0,0.0,0.0,0.0,17.8,4.016666666666667,9.95,31.766666666666666
8481032,0.6918285216029716,0.0,0.0,0.0,0.0,412.7,42.083333333333336,73.85,528.6333333333333
8481033,0.0,0.0,0.0,0.0,0.0,350.5833333333333,43.81666666666666,70.43333333333334,464.8333333333333
8481035,0.0,0.0,0.0,0.0,0.0,369.95,25.916666666666668,56.66666666666667,452.53333333333336
8481043,0.4953232386108327,1.1684015543177362,0.0,0.0,0.0,313.1666666666667,27.333333333333332,48.18333333333333,388.68333333333334
8481056,0.23576545920190345,0.0,0.0,0.0,0.0,386.8833333333333,52.45,83.96666666666667,523.3
8481065,0.08573270622010472,0.0,0.0,0.0,0.0,67.56666666666666,4.983333333333333,10.25,82.8
8481068,0.8851475684746639,0.34651077843302214,0.0,0.0,0.0,341.01666666666665,28.8,56.733333333333334,426.55
8481070,1.6726739689617807,0.0,0.0,0.0,0.0,24.85,0.0,0.0,24.85
8481077,3.001394242757058,0.0,0.0,0.0,0.0,7.533333333333333,0.0,2.716666666666667,10.25
8481122,0.1443279211098878,0.02985107648799813,0.0,0.0,0.0,435.95,45.11666666666667,87.33333333333333,568.4
8481133,0.4510025386595327,0.0,0.0,0.0,0.0,287.98333333333335,15.85,45.666666666666664,349.5
8481161,0.15715474844480626,0.0,0.0,0.0,0.0,216.8,17.583333333333332,34.95,269.3333333333333
8481167,0.15022873985990143,0.0,0.0,0.0,0.0,317.05,39.983333333333334,75.6,432.6333333333333
8481178,0.13436261949354017,0.0,0.0,0.0,0.0,137.45000000000002,10.4,18.4,166.25
8481219,0.0845179799933444,0.2683204763075885,0.0,0.0,0.0,289.6333333333333,22.95,53.199999999999996,365.78333333333336
8481237,0.46389157241513096,0.0,0.0,0.0,0.0,261.98333333333335,21.633333333333333,42.0,325.6166666666667
8481477,1.0203785141441168,0.15868280954817507,0.0,0.0,0.0,96.53333333333333,11.75,16.5,124.78333333333333
8481481,0.7010819473726223,0.35102006443070644,0.0,0.0,0.0,317.48333333333335,29.7,64.25,411.43333333333334
8481491,0.32728816281104905,0.5436878721247198,0.0,0.0,0.0,181.25,22.21666666666667,36.75,240.21666666666667
8481519,0.0,0.0,0.0,0.0,0.0,551.5666666666666,76.01666666666667,118.88333333333334,746.4666666666667
8481522,0.5007225380707073,0.05102631201863356,0.0,0.0,0.0,456.25,54.71666666666667,96.06666666666666,607.0333333333333
8481523,1.0272772339293315,0.0,0.0,0.0,0.0,188.21666666666667,31.616666666666667,46.733333333333334,266.56666666666666
8481524,0.4774043834135693,0.27383455811833984,0.0,0.0,0.0,411.25,50.9,86.83333333333333,548.9833333333333
8481525,0.20417372984306242,0.041878354299183365,0.0,0.0,0.0,374.75,30.716666666666665,61.63333333333333,467.1
8481527,0.20442388194827707,0.0,0.0,0.0,0.0,463.6,30.9,64.03333333333333,558.5333333333333
8481528,0.8579603745465673,0.0,0.0,0.0,0.0,515.25,55.63333333333333,91.53333333333333,662.4166666666666
8481529,0.0,0.0,0.0,0.0,0.0,81.86666666666667,9.666666666666668,10.25,101.78333333333335
8481532,0.6598135827751124,0.0,0.0,0.0,0.0,366.2,36.55,74.81666666666666,477.56666666666666
8481533,0.9131009101781014,0.0,0.0,0.0,0.0,452.01666666666665,44.25,83.11666666666666,579.3833333333333
8481535,0.2173275298138303,0.0,0.0,0.0,0.0,63.5,6.733333333333333,10.55,80.78333333333333
8481540,1.0961715013101079,0.0,0.0,0.0,0.0,512.8666666666667,55.9,75.7,644.4666666666667
8481542,0.2858211397290821,0.027646388115699035,0.0,0.0,0.0,497.7166666666667,53.81666666666667,90.11666666666666,641.65
8481546,0.16012411079287625,0.09297134390302525,0.0,0.0,0.0,338.26666666666665,34.016666666666666,62.43333333333333,434.7166666666667
8481551,0.0,0.0,0.0,0.0,0.0,160.3,22.55,32.36666666666667,215.21666666666667
8481553,0.7069172875007796,0.0,0.0,0.0,0.0,444.7,41.13333333333333,79.75,565.5833333333334
8481554,0.6745538099941223,0.0,0.0,0.0,0.0,183.15,11.8,31.46666666666667,226.41666666666669
8481556,0.5704701231155526,0.6600026481984449,0.0,0.0,0.0,212.56666666666666,14.933333333333334,30.783333333333335,258.28333333333336
8481557,1.1975919152538388,0.13740047009912726,0.0,0.0,0.0,528.9,72.78333333333333,118.58333333333333,720.2666666666667
8481559,1.1475508356116104,0.27104821324679557,0.0,0.0,0.0,297.46666666666664,28.333333333333332,57.13333333333333,382.93333333333334
8481560,0.4600744337042274,0.0,0.0,0.0,0.0,32.483333333333334,0.9333333333333333,2.9333333333333336,36.35
8481562,0.27839762148677666,0.0,0.0,0.0,0.0,13.95,2.433333333333333,4.066666666666666,20.45
8481563,0.12296558645175537,0.017163282368029255,0.0,0.0,0.0,426.6666666666667,39.766666666666666,54.983333333333334,521.4166666666666
8481564,0.03636912969286577,0.0,0.0,0.0,0.0,37.73333333333333,2.533333333333333,7.766666666666666,48.03333333333333
8481567,0.132187913846353,0.0,0.0,0.0,0.0,33.833333333333336,0.3333333333333333,3.6333333333333333,37.800000000000004
8481568,0.19911897914806442,0.00941210677416567,0.0,0.0,0.0,396.03333333333336,45.766666666666666,64.75,506.55
8481569,0.0,0.0,0.0,0.0,0.0,22.35,3.9166666666666665,10.316666666666666,36.58333333333333
8481577,0.7356408601703723,0.0,0.0,0.0,0.0,121.0,8.383333333333333,19.25,148.63333333333333
8481580,0.9239814676566063,0.21492305651268642,0.0,0.0,0.0,421.5,43.86666666666667,73.9,539.2666666666667
8481581,0.2871103945591106,0.0,0.0,0.0,0.0,355.4166666666667,38.86666666666667,61.5,455.78333333333336
8481582,0.9021775110670502,0.0,0.0,0.0,0.0,334.6166666666667,31.8,46.2,412.6166666666667
8481591,0.34387503761685057,0.0,0.0,0.0,0.0,37.88333333333333,0.95,5.683333333333334,44.516666666666666
8481592,0.7718225985966629,0.0,0.0,0.0,0.0,17.283333333333335,1.3666666666666667,3.45,22.1
8481593,0.12722151189053243,0.0,0.0,0.0,0.0,386.1166666666667,48.86666666666667,56.0,490.98333333333335
8481594,0.0,0.0,0.0,0.0,0.0,8.116666666666667,1.05,1.2833333333333334,10.450000000000001
8481596,1.1962436792260849,1.3555854449751494,0.0,0.0,0.0,351.3833333333333,42.25,72.93333333333334,466.56666666666666
8481598,0.40533170681410985,0.16673782148204486,0.0,0.0,0.0,451.21666666666664,47.65,89.26666666666667,588.1333333333333
8481599,0.10856887902070368,0.0,0.0,0.0,0.0,75.88333333333334,9.533333333333333,14.566666666666666,99.98333333333333
8481601,0.6713525102456749,1.0857425526746327,0.0,0.0,0.0,299.7833333333333,28.433333333333334,63.18333333333333,391.4
8481604,0.7983357713571385,0.0,0.0,0.0,0.0,474.6,40.86666666666667,84.41666666666667,599.8833333333333
8481605,0.535438931724179,1.143152716628661,0.0,0.0,0.0,465.31666666666666,50.3,100.53333333333333,616.15
8481606,0.38721532949636245,0.0,0.0,0.0,0.0,353.6333333333333,29.866666666666667,58.3,441.8
8481607,0.1558073565467911,0.0,0.0,0.0,0.0,432.1166666666667,38.05,59.9,530.0666666666667
8481609,0.14848868293820905,0.1258035689901728,0.0,0.0,0.0,113.73333333333333,14.45,15.299999999999999,143.48333333333332
8481611,0.0,0.0,0.0,0.0,0.0,139.21666666666667,17.266666666666666,25.966666666666665,182.45
8481617,0.7043751928381643,0.0,0.0,0.0,0.0,551.7333333333333,41.78333333333333,87.76666666666667,681.2833333333333
8481618,0.7779872031448721,0.8723350579109718,0.0,0.0,0.0,205.08333333333334,25.4,31.4,261.8833333333333
8481624,0.8173794650940193,0.7657509235526141,0.0,0.0,0.0,394.1,57.583333333333336,77.21666666666667,528.9
8481641,0.634810200552905,0.0902643545141703,0.0,0.0,0.0,204.51666666666665,18.433333333333334,38.666666666666664,261.6166666666667
8481655,0.4903257695162393,0.8893645328024159,0.0,0.0,0.0,107.06666666666666,10.733333333333334,13.85,131.65
8481656,1.1483470514822813,0.8893234878087946,0.0,0.0,0.0,410.3,30.016666666666666,53.43333333333333,493.75
8481668,0.0,0.0,0.0,0.0,0.0,335.05,32.766666666666666,63.31666666666666,431.1333333333333
8481692,0.0,0.0,0.0,0.0,0.0,497.21666666666664,68.25,128.38333333333333,693.85
8481704,0.4399317487148132,0.0,0.0,0.0,0.0,162.7,6.166666666666667,22.433333333333334,191.3
8481711,0.6265921545355648,0.0,0.0,0.0,0.0,169.23333333333335,13.933333333333334,25.416666666666668,208.58333333333334
8481712,0.37632741760916827,0.0,0.0,0.0,0.0,38.266666666666666,8.733333333333334,11.383333333333333,58.38333333333333
8481715,0.0,0.0,0.0,0.0,0.0,11.283333333333333,1.0833333333333333,0.9666666666666667,13.333333333333334
8481716,0.9054750481540687,0.0,0.0,0.0,0.0,429.65,46.36666666666667,76.9,552.9166666666666
8481719,0.21611327988442566,0.0,0.0,0.0,0.0,254.85,26.45,48.233333333333334,329.5333333333333
8481721,0.6922377784636989,0.0,0.0,0.0,0.0,458.75,48.016666666666666,77.68333333333334,584.45
8481725,0.7973681543257287,0.0,0.0,0.0,0.0,287.85,24.666666666666668,52.916666666666664,365.43333333333334
8481726,0.5553617020034485,0.0,0.0,0.0,0.0,289.45,15.966666666666667,40.8,346.21666666666664
8481754,0.5112170748110545,0.041177630760615924,0.0,0.0,0.0,260.6333333333333,26.6,42.833333333333336,330.06666666666666
8481789,0.2713146858833567,0.08219654570861035,0.0,0.0,0.0,437.9166666666667,27.666666666666668,67.43333333333334,533.0166666666667
8481806,0.20966234721431962,0.3939829889002927,0.0,0.0,0.0,372.1333333333333,42.833333333333336,59.46666666666667,474.43333333333334
8481848,0.9132995118026147,0.0,0.0,0.0,0.0,19.48333333333333,0.8333333333333334,7.833333333333333,28.15
8482055,0.8236861090319023,0.7169974437997874,0.0,0.0,0.0,394.6666666666667,29.366666666666667,62.71666666666667,486.75
8482062,0.5629710262921318,0.2604264354938866,0.0,0.0,0.0,210.98333333333335,31.116666666666667,41.08333333333333,283.18333333333334
8482070,0.762913370805215,0.0,0.0,0.0,0.0,85.71666666666667,12.15,16.916666666666664,114.78333333333333
8482072,0.31411882844012456,0.0,0.0,0.0,0.0,42.43333333333333,1.2833333333333332,5.383333333333334,49.099999999999994
8482073,0.15804924924112734,0.11760275194601445,0.0,0.0,0.0,566.3166666666667,46.7,89.73333333333333,702.75
8482074,0.6821529953652802,0.0,0.0,0.0,0.0,388.15,45.96666666666667,88.58333333333333,522.7
8482076,0.0,0.0,0.0,0.0,0.0,25.033333333333335,1.8666666666666667,3.6666666666666665,30.56666666666667
8482077,0.7274081453671363,0.02800868761454066,0.0,0.0,0.0,560.3833333333333,45.083333333333336,104.81666666666666,710.2833333333333
8482078,0.7454590577901589,0.0,0.0,0.0,0.0,434.8,46.95,89.11666666666666,570.8666666666667
8482079,0.8674679307094597,0.0,0.0,0.0,0.0,269.45,17.416666666666668,43.516666666666666,330.3833333333333
8482087,0.19877777581709458,0.0,0.0,0.0,0.0,79.18333333333334,13.833333333333334,18.033333333333335,111.05
8482088,0.7814528744427975,0.034363480346774236,0.0,0.0,0.0,425.76666666666665,34.86666666666667,73.5,534.1333333333333
8482089,0.8757585867573676,0.0,0.0,0.0,0.0,348.43333333333334,30.7,71.95,451.0833333333333
8482090,0.8378368202944325,0.0,0.0,0.0,0.0,115.98333333333333,8.266666666666666,18.366666666666667,142.61666666666667
8482092,0.6683015894960966,0.40163011179464764,0.0,0.0,0.0,413.35,37.416666666666664,66.43333333333334,517.2
8482093,1.2577708425226142,1.5709289085992841,0.0,0.0,0.0,459.3,55.8,87.83333333333333,602.9333333333334
8482094,0.08440588965800994,0.0,0.0,0.0,0.0,148.3,20.05,27.783333333333335,196.13333333333333
8482095,0.18514791634396888,0.0,0.0,0.0,0.0,398.78333333333336,41.38333333333333,62.25,502.4166666666667
8482097,0.8708565431674545,0.0,0.0,0.0,0.0,404.9166666666667,42.05,79.63333333333334,526.6
8482100,0.3162912120069895,0.18045761945678293,0.0,0.0,0.0,502.8,49.983333333333334,87.45,640.2333333333333
8482103,0.4799117646867178,0.17815750138937064,0.0,0.0,0.0,350.05,45.233333333333334,61.61666666666667,456.9
8482105,0.3108854768128422,0.0,0.0,0.0,0.0,497.18333333333334,54.95,112.43333333333334,664.5666666666667
8482109,0.7622808183309944,0.0,0.0,0.0,0.0,531.3833333333333,38.45,94.26666666666667,664.1
8482110,0.7499547816698129,0.688430813900647,0.0,0.0,0.0,408.18333333333334,38.85,78.05,525.0833333333334
8482111,0.44178124525343304,0.0,0.0,0.0,0.0,228.8,20.55,48.833333333333336,298.18333333333334
8482113,0.8254867975630009,0.8844787638253767,0.0,0.0,0.0,426.3333333333333,58.91666666666667,103.93333333333334,589.1833333333333
8482116,1.0963037646268015,0.4864693046695661,0.0,0.0,0.0,471.43333333333334,56.18333333333334,97.51666666666667,625.1333333333333
8482117,0.8514592902941606,0.0,0.0,0.0,0.0,179.3,14.799999999999999,31.85,225.95
8482118,0.24569020021320043,0.0,0.0,0.0,0.0,109.8,11.266666666666666,15.916666666666666,136.98333333333332
8482122,0.3494113139819019,0.13422439383896725,0.0,0.0,0.0,553.9333333333333,55.35,88.91666666666667,698.2
8482124,0.7504825102385415,0.34333716851012713,0.0,0.0,0.0,443.95,53.06666666666666,84.73333333333333,581.75
8482125,1.1314463039525435,0.0,0.0,0.0,0.0,102.4,10.116666666666667,20.016666666666666,132.53333333333333
8482126,0.2024933832330941,0.0,0.0,0.0,0.0,276.25,23.333333333333332,53.083333333333336,352.6666666666667
8482131,0.0820623932910575,0.15440970285003422,0.0,0.0,0.0,163.63333333333333,25.216666666666665,32.81666666666666,221.66666666666666
8482132,0.7527704617944939,0.0,0.0,0.0,0.0,165.96666666666667,9.716666666666667,23.783333333333335,199.46666666666667
8482137,0.0,0.0,0.0,0.0,0.0,434.93333333333334,73.51666666666667,129.45,637.9
8482142,0.3159960929198813,0.0,0.0,0.0,0.0,403.56666666666666,35.483333333333334,76.16666666666667,515.2166666666667
8482145,0.6825867918355628,0.0,0.0,0.0,0.0,415.25,38.6,79.0,532.85
8482146,0.8125405281006242,0.0,0.0,0.0,0.0,413.51666666666665,55.43333333333334,88.46666666666667,557.4166666666666
8482148,1.0168132005953894,0.0,0.0,0.0,0.0,271.28333333333336,28.766666666666666,49.18333333333334,349.23333333333335
8482149,0.6207281446168532,0.0,0.0,0.0,0.0,247.16666666666666,28.95,31.416666666666664,307.5333333333333
8482155,0.7194901854467916,0.5062474712116339,0.0,0.0,0.0,528.5833333333334,54.5,88.91666666666667,672.0
8482157,0.5863413960763635,0.3668872874984003,0.0,0.0,0.0,605.4833333333333,44.56666666666667,95.95,746.0
8482159,0.7093634487639917,0.41012173936566404,0.0,0.0,0.0,252.51666666666668,20.46666666666667,49.6,322.5833333333333
8482165,0.19837320610352818,0.0,0.0,0.0,0.0,365.45,24.316666666666666,50.55,440.31666666666666
8482166,0.11155430883486266,0.0,0.0,0.0,0.0,236.53333333333333,22.21666666666667,42.05,300.8
8482167,0.8283196229201096,0.0,0.0,0.0,0.0,10.833333333333334,4.016666666666667,1.0666666666666667,15.916666666666668
8482172,0.5718733122463613,0.0,0.0,0.0,0.0,137.38333333333333,17.433333333333334,23.1,177.91666666666666
8482175,0.8485210382650237,0.0,0.0,0.0,0.0,454.3666666666667,47.416666666666664,96.53333333333333,598.3166666666666
8482176,0.2997361543277967,0.03765712529014574,0.0,0.0,0.0,444.05,54.05,79.21666666666667,577.3166666666667
8482177,0.7157064765310572,0.0,0.0,0.0,0.0,293.2833333333333,25.166666666666668,53.016666666666666,371.46666666666664
8482178,0.3736969948438671,0.0,0.0,0.0,0.0,290.6666666666667,31.21666666666667,54.68333333333333,376.56666666666666
8482201,0.5520759192847371,0.0,0.0,0.0,0.0,296.1,30.033333333333335,61.83333333333333,387.96666666666664
8482206,0.3042394158470395,0.0,0.0,0.0,0.0,81.88333333333333,12.316666666666666,21.916666666666668,116.11666666666666
8482209,2.988845061177354,0.0,0.0,0.0,0.0,17.316666666666666,0.9166666666666666,3.6666666666666665,21.9
8482245,0.22925534735375305,0.0,0.0,0.0,0.0,402.78333333333336,36.35,62.43333333333334,501.56666666666666
8482259,0.6243810555011304,0.1230503785272167,0.0,0.0,0.0,426.6333333333333,53.81666666666666,81.61666666666667,562.0666666666667
8482408,0.8952649575838776,0.0,0.0,0.0,0.0,274.55,23.933333333333334,53.46666666666667,351.95
8482445,0.0,0.0,0.0,0.0,0.0,273.2833333333333,31.5,59.800000000000004,364.58333333333337
8482447,0.0,0.0,0.0,0.0,0.0,159.6,16.55,31.6,207.75
8482460,0.5431814498286526,0.0,0.0,0.0,0.0,179.96666666666667,12.0,34.31666666666666,226.28333333333333
8482470,0.1455515743939006,0.0,0.0,0.0,0.0,173.4,21.183333333333334,43.75,238.33333333333334
8482475,0.569554927149379,0.0,0.0,0.0,0.0,357.1,31.266666666666666,50.2,438.56666666666666
8482476,0.7817348446069701,0.31344202911211105,0.0,0.0,0.0,604.45,51.15,94.66666666666667,750.2666666666667
8482479,0.0,0.0,0.0,0.0,0.0,6.516666666666667,1.0666666666666667,0.08333333333333333,7.666666666666667
8482482,0.31196538830298504,0.0,0.0,0.0,0.0,269.1,32.96666666666667,54.833333333333336,356.9
8482487,0.0,0.0,0.0,0.0,0.0,427.3666666666667,50.88333333333333,73.53333333333333,551.7833333333333
8482496,0.2483733379057724,0.0,0.0,0.0,0.0,15.983333333333334,2.75,5.75,24.483333333333334
8482511,0.1523247827723268,0.0,0.0,0.0,0.0,351.48333333333335,30.01666666666667,56.233333333333334,437.73333333333335
8482515,0.0,0.0,0.0,0.0,0.0,4.4,0.0,0.0,4.4
8482516,0.1936967063586394,0.0,0.0,0.0,0.0,220.85,17.4,38.63333333333333,276.8833333333333
8482623,0.7060328987318956,0.0,0.0,0.0,0.0,204.61666666666667,25.883333333333333,40.96666666666667,271.46666666666664
8482624,0.050369485709112635,0.0,0.0,0.0,0.0,8.383333333333333,0.0,0.0,8.383333333333333
8482634,0.49320857383132155,0.574500017645903,0.0,0.0,0.0,314.8833333333333,35.28333333333333,61.333333333333336,411.5
8482641,0.10001178966327148,0.0,0.0,0.0,0.0,22.916666666666664,2.466666666666667,4.816666666666667,30.2
8482655,0.33341320987072365,0.02212460876385674,0.0,0.0,0.0,459.3333333333333,54.03333333333333,99.41666666666667,612.7833333333333
8482659,1.0227522345876516,0.0,0.0,0.0,0.0,507.35,60.13333333333333,102.38333333333334,669.8666666666667
8482660,0.5989471507284493,0.0,0.0,0.0,0.0,358.8333333333333,36.88333333333333,55.13333333333333,450.85
8482661,0.0,0.0,0.0,0.0,0.0,363.75,36.5,57.7,457.95
8482665,0.5964659011516494,0.17752260352310706,0.0,0.0,0.0,451.2666666666667,32.083333333333336,79.0,562.35
8482666,0.12027923707608823,0.0,0.0,0.0,0.0,121.5,10.600000000000001,15.55,147.65
8482667,0.9017106049882093,0.15277493763904298,0.0,0.0,0.0,396.6666666666667,45.18333333333334,97.5,539.35
8482671,0.307382809109853,0.0,0.0,0.0,0.0,387.6166666666667,38.85,65.68333333333334,492.15
8482679,0.9301565017459543,0.0,0.0,0.0,0.0,420.6333333333333,50.71666666666667,107.2,578.55
8482684,0.4660953380418911,0.038930148185540886,0.0,0.0,0.0,509.8333333333333,52.06666666666666,97.68333333333334,659.5833333333334
8482691,0.6111388510497198,0.08924806661298418,0.0,0.0,0.0,372.6666666666667,37.63333333333333,71.3,481.6
8482698,0.3063350428234447,0.0,0.0,0.0,0.0,13.75,0.0,0.0,13.75
8482699,0.9518319734460164,0.09328439743710358,0.0,0.0,0.0,522.0500000000001,67.86666666666667,123.8,713.7166666666667
8482702,0.80430374682506,0.0,0.0,0.0,0.0,447.6,41.733333333333334,60.95,550.2833333333333
8482703,0.48532835022362075,0.0,0.0,0.0,0.0,541.4833333333333,67.28333333333333,111.5,720.2666666666667
8482705,0.6637661042107748,0.3626557880105221,0.0,0.0,0.0,504.01666666666665,40.083333333333336,60.21666666666667,604.3166666666667
8482713,0.6807544987612032,0.0,0.0,0.0,0.0,493.23333333333335,55.96666666666667,94.75,643.95
8482720,0.6966643308376738,0.03600201852931989,0.0,0.0,0.0,431.3,48.650000000000006,78.86666666666666,558.8166666666667
8482726,0.0457784275792233,0.0,0.0,0.0,0.0,43.8,5.300000000000001,9.733333333333334,58.833333333333336
8482730,0.33891999694482194,0.0,0.0,0.0,0.0,413.26666666666665,52.93333333333334,75.13333333333334,541.3333333333334
8482733,0.1683112620253619,0.0,0.0,0.0,0.0,275.75,20.933333333333334,54.13333333333333,350.81666666666666
8482737,0.7287735770504642,0.0,0.0,0.0,0.0,419.43333333333334,54.71666666666667,81.93333333333334,556.0833333333334
8482740,0.7942524991704328,0.033864551656324585,0.0,0.0,0.0,534.6333333333333,48.03333333333333,99.11666666666666,681.7833333333333
8482745,1.0446823791426991,0.02727071860578546,0.0,0.0,0.0,452.3666666666667,45.71666666666667,79.16666666666667,577.25
8482747,0.22061318159103396,0.0,0.0,0.0,0.0,16.65,0.6166666666666667,4.166666666666667,21.433333333333334
8482749,0.1633530859463673,0.0,0.0,0.0,0.0,49.266666666666666,8.033333333333333,8.433333333333334,65.73333333333333
8482751,0.4339104923193814,0.0,0.0,0.0,0.0,404.1333333333333,29.35,60.96666666666667,494.45
8482758,0.8275883553937395,0.0,0.0,0.0,0.0,200.71666666666667,12.25,28.733333333333334,241.7
8482761,0.0,0.0,0.0,0.0,0.0,138.8,23.433333333333334,34.68333333333333,196.91666666666666
8482762,0.31912811254683704,0.0,0.0,0.0,0.0,439.7166666666667,31.216666666666665,60.9,531.8333333333334
8482765,0.8629925703569671,0.0,0.0,0.0,0.0,125.35,17.7,26.0,169.05
8482768,0.6721338846486983,0.0,0.0,0.0,0.0,320.8666666666667,30.833333333333336,53.68333333333333,405.3833333333333
8482775,1.0520538091642067,0.1361066951002224,0.0,0.0,0.0,328.25,36.85,44.13333333333333,409.23333333333335
8482783,0.0,0.0,0.0,0.0,0.0,26.549999999999997,1.9833333333333334,7.5,36.03333333333333
8482785,0.25374502142565186,0.0,0.0,0.0,0.0,22.46666666666667,2.55,3.8166666666666664,28.833333333333332
8482787,0.32365562682643967,0.0,0.0,0.0,0.0,111.41666666666666,7.083333333333334,15.116666666666667,133.61666666666667
8482803,0.42435755080928367,0.0,0.0,0.0,0.0,562.85,65.3,104.85,733.0
8482804,0.027042515832480594,0.0,0.0,0.0,0.0,53.233333333333334,2.6166666666666667,9.4,65.25
8482807,0.11519016832039314,0.0,0.0,0.0,0.0,33.583333333333336,1.9833333333333334,8.083333333333334,43.65
8482809,1.032343029502022,0.0,0.0,0.0,0.0,476.41666666666663,41.583333333333336,69.36666666666667,587.3666666666667
8482821,0.0,0.0,0.0,0.0,0.0,197.86666666666667,48.11666666666667,45.766666666666666,291.75
8482858,0.15600490880309925,0.0,0.0,0.0,0.0,228.46666666666667,23.0,36.53333333333333,288.0
8482859,0.5875692396730811,0.0,0.0,0.0,0.0,121.55,11.25,23.666666666666668,156.46666666666667
8482861,0.11024500343832727,0.0,0.0,0.0,0.0,75.55,9.433333333333334,12.816666666666666,97.8
8482874,0.12770461241814715,0.0,0.0,0.0,0.0,32.266666666666666,1.7333333333333334,5.7,39.7
8482877,0.4422259160195545,0.0,0.0,0.0,0.0,100.18333333333334,2.05,10.783333333333335,113.01666666666667
8482896,0.47771166187982456,0.0,0.0,0.0,0.0,330.8,24.8,50.8,406.40000000000003
8482911,0.18326686079717794,0.0,0.0,0.0,0.0,369.2,29.3,39.63333333333333,438.1333333333333
8482929,0.20961700564167934,0.132716729723174,0.0,0.0,0.0,464.45,43.5,93.65,601.6
8482941,0.0,0.0,0.0,0.0,0.0,17.216666666666665,1.8833333333333333,2.566666666666667,21.666666666666664
8482947,0.490944262283064,0.0,0.0,0.0,0.0,215.66666666666666,19.183333333333334,32.45,267.3
8482953,0.6011541346787463,0.0,0.0,0.0,0.0,42.16666666666667,4.216666666666667,16.46666666666667,62.85
8482964,0.09684797815007058,0.0,0.0,0.0,0.0,436.1333333333333,48.03333333333333,75.83333333333333,560.0
8482982,0.0,0.0,0.0,0.0,0.0,505.76666666666665,58.266666666666666,92.75,656.7833333333333
8483039,0.22556326338245672,0.0,0.0,0.0,0.0,75.28333333333333,8.850000000000001,13.016666666666666,97.15
8483114,0.0,0.0,0.0,0.0,0.0,44.733333333333334,9.783333333333333,7.866666666666667,62.38333333333334
8483395,0.48683623025000416,0.0,0.0,0.0,0.0,219.6,18.383333333333333,33.416666666666664,271.4
8483398,0.2247077160053003,0.0,0.0,0.0,0.0,137.81666666666666,19.46666666666667,24.71666666666667,182.0
8483424,0.38087504564549335,0.0,0.0,0.0,0.0,86.01666666666667,8.05,8.8,102.86666666666666
8483425,0.09884715135945253,0.04088069711412702,0.0,0.0,0.0,425.93333333333334,38.61666666666667,76.11666666666667,540.6666666666666
8483429,0.21659763099944002,0.0,0.0,0.0,0.0,42.81666666666666,1.5166666666666666,5.1,49.43333333333333
8483431,0.9493260610887968,0.0,0.0,0.0,0.0,400.0333333333333,50.55,85.26666666666667,535.85
8483432,0.5972140037746572,0.0,0.0,0.0,0.0,73.7,6.566666666666666,13.016666666666667,93.28333333333333
8483433,1.0007387303939745,0.0,0.0,0.0,0.0,44.75,7.233333333333334,10.483333333333333,62.46666666666667
8483445,1.0269327650307007,0.0,0.0,0.0,0.0,540.7,59.016666666666666,101.96666666666667,701.6833333333333
8483447,0.20988876389301994,0.0,0.0,0.0,0.0,107.41666666666667,6.466666666666667,22.7,136.58333333333334
8483450,0.8489415218950799,0.2792480902217263,0.0,0.0,0.0,314.53333333333336,36.65,54.3,405.48333333333335
8483452,0.0,0.0,0.0,0.0,0.0,19.55,1.5,3.1,24.15
8483455,0.6390277063290872,0.0,0.0,0.0,0.0,190.65,15.15,25.28333333333333,231.08333333333334
8483457,0.37544385629392263,0.0,0.0,0.0,0.0,437.81666666666666,56.36666666666667,78.93333333333334,573.1166666666667
8483460,0.10655185768823504,0.0,0.0,0.0,0.0,171.01666666666668,13.966666666666667,25.316666666666666,210.29999999999998
8483463,0.2045823622385979,0.0,0.0,0.0,0.0,47.86666666666667,6.116666666666667,5.966666666666667,59.949999999999996
8483464,0.6753149012772525,0.0,0.0,0.0,0.0,477.18333333333334,39.9,66.61666666666666,583.7
8483465,0.04191239763140215,0.23778128151846403,0.0,0.0,0.0,30.016666666666666,3.3666666666666667,6.8999999999999995,40.28333333333333
8483468,0.8294937646670637,0.0,0.0,0.0,0.0,118.16666666666667,14.516666666666666,28.066666666666666,160.75
8483471,0.2184728646054929,0.0,0.0,0.0,0.0,57.35,3.1833333333333336,7.216666666666667,67.75
8483472,0.12397088794339915,0.0,0.0,0.0,0.0,103.13333333333333,7.716666666666667,13.716666666666667,124.56666666666666
8483476,0.13425119478594172,0.0,0.0,0.0,0.0,91.66666666666667,10.966666666666667,16.7,119.33333333333334
8483485,0.2807558146215555,0.04274854468952202,0.0,0.0,0.0,451.45,41.766666666666666,81.56666666666666,574.7833333333333
8483487,1.0605364939289335,0.0,0.0,0.0,0.0,120.86666666666667,16.6,26.95,164.41666666666666
8483489,0.7011737067064141,0.26632871466781005,0.0,0.0,0.0,468.23333333333335,53.2,93.81666666666666,615.25
8483490,0.3426615944541,0.0498901650811849,0.0,0.0,0.0,332.85,37.083333333333336,59.61666666666667,429.55
8483493,0.7550182145308353,0.2840602687153327,0.0,0.0,0.0,454.65,69.68333333333334,96.2,620.5333333333333
8483495,0.2807361953953204,0.0,0.0,0.0,0.0,414.43333333333334,43.733333333333334,72.21666666666667,530.3833333333333
8483497,0.6559348783030404,0.0,0.0,0.0,0.0,275.31666666666666,21.35,45.41666666666667,342.0833333333333
8483499,0.32297371281739723,0.0,0.0,0.0,0.0,249.76666666666668,17.9,31.583333333333332,299.25
8483500,0.7376177339520242,0.0,0.0,0.0,0.0,164.73333333333335,12.25,26.7,203.68333333333334
8483503,0.04474816733672646,0.0,0.0,0.0,0.0,34.93333333333334,1.1333333333333333,6.366666666666666,42.43333333333333
8483506,0.23399168496939762,0.0,0.0,0.0,0.0,389.34999999999997,56.13333333333333,87.25,532.7333333333333
8483510,0.46411710622518776,0.0,0.0,0.0,0.0,52.88333333333333,0.7666666666666666,4.033333333333333,57.68333333333334
8483512,1.0904672668305768,0.3029560984187388,0.0,0.0,0.0,342.73333333333335,31.083333333333332,52.81666666666667,426.6333333333333
8483513,1.140356538621613,0.0,0.0,0.0,0.0,74.56666666666666,20.683333333333334,28.2,123.45
8483515,0.6065250787892633,0.0,0.0,0.0,0.0,537.1166666666667,66.56666666666666,92.41666666666667,696.1
8483516,0.6713119571913096,0.0,0.0,0.0,0.0,405.95,22.266666666666666,51.63333333333333,479.85
8483524,0.6682218298302214,0.0,0.0,0.0,0.0,514.95,34.78333333333333,74.56666666666666,624.3
8483525,0.6886967870589147,0.0,0.0,0.0,0.0,379.6666666666667,37.766666666666666,61.25,478.68333333333334
8483531,0.4619433559995416,0.0,0.0,0.0,0.0,80.53333333333333,7.433333333333334,15.666666666666666,103.63333333333334
8483548,0.0,0.0,0.0,0.0,0.0,307.68333333333334,33.916666666666664,56.4,398.0
8483553,0.31413960132700486,0.0,0.0,0.0,0.0,165.03333333333333,13.383333333333333,16.666666666666668,195.08333333333334
8483565,0.313222433727393,0.4349627640408757,0.0,0.0,0.0,289.0833333333333,38.5,62.55,390.1333333333333
8483567,0.18159778149596406,0.0,0.0,0.0,0.0,5.683333333333334,0.0,0.0,5.683333333333334
8483570,0.5725711377304677,0.0,0.0,0.0,0.0,178.35,16.516666666666666,31.65,226.51666666666665
8483573,0.8418589943662955,0.0,0.0,0.0,0.0,229.68333333333334,26.466666666666665,38.6,294.75
8483609,0.3999338546427561,0.0,0.0,0.0,0.0,506.31666666666666,44.28333333333333,94.1,644.7
8483630,5.950436718853579,0.0,0.0,0.0,0.0,9.483333333333334,0.6833333333333333,1.7333333333333334,11.9
8483676,0.453179517134106,0.0,0.0,0.0,0.0,70.33333333333333,13.883333333333333,16.066666666666666,100.28333333333333
8483678,0.10609673806755172,0.0,0.0,0.0,0.0,401.73333333333335,48.43333333333333,100.98333333333333,551.15
8483686,0.1901031268302333,0.0,0.0,0.0,0.0,60.56666666666666,2.05,5.683333333333333,68.3
8483690,0.638851486191209,0.6756341234474295,0.0,0.0,0.0,453.26666666666665,36.56666666666666,67.61666666666667,557.45
8483703,0.0,0.0,0.0,0.0,0.0,101.6,12.233333333333334,31.016666666666666,144.85
8483710,0.0,0.0,0.0,0.0,0.0,199.88333333333333,26.85,47.766666666666666,274.5
8483728,0.6346401901348483,0.0,0.0,0.0,0.0,109.85,10.316666666666666,18.45,138.61666666666667
8483733,0.209909595814877,0.0,0.0,0.0,0.0,275.6666666666667,26.116666666666667,48.983333333333334,350.76666666666665
8483746,0.0,0.0,0.0,0.0,0.0,7.816666666666666,1.3,1.2166666666666666,10.333333333333332
8483752,0.5546953427848297,0.0,0.0,0.0,0.0,258.4166666666667,35.25,54.916666666666664,348.5833333333333
8483768,0.1833707044010306,0.0,0.0,0.0,0.0,42.06666666666666,5.133333333333334,7.416666666666667,54.61666666666667
8483808,0.5650287022223499,0.0,0.0,0.0,0.0,309.6166666666667,30.433333333333334,66.55,406.6
8483841,0.09150792922610076,0.0,0.0,0.0,0.0,50.93333333333333,2.1166666666666667,7.816666666666666,60.86666666666666
8483890,1.046262652160517,0.0,0.0,0.0,0.0,221.05,15.116666666666665,21.016666666666666,257.18333333333334
8483930,0.32294346500308285,0.0,0.0,0.0,0.0,10.333333333333332,1.7833333333333334,6.066666666666666,18.183333333333334
8484135,0.39787756755155723,0.22867611063359977,0.0,0.0,0.0,145.75,11.683333333333334,29.633333333333333,187.06666666666666
8484136,0.6517680091645622,0.0,0.0,0.0,0.0,310.93333333333334,28.0,53.13333333333333,392.06666666666666
8484144,1.1063617922736557,0.0,0.0,0.0,0.0,474.7,57.5,100.53333333333333,632.7333333333333
8484145,0.7732896948231683,1.0369390490546733,0.0,0.0,0.0,218.38333333333333,25.21666666666667,47.599999999999994,291.2
8484149,0.6273970127138607,0.0,0.0,0.0,0.0,271.8,40.03333333333333,82.35,394.18333333333334
8484150,0.2743573972401908,0.0,0.0,0.0,0.0,20.866666666666667,0.44999999999999996,2.0,23.316666666666666
8484153,0.9974237330863986,0.6051901343041414,0.0,0.0,0.0,453.5333333333333,50.45,89.13333333333334,593.1166666666667
8484158,0.7128832044635108,0.0,0.0,0.0,0.0,327.46666666666664,35.916666666666664,59.833333333333336,423.21666666666664
8484160,1.17529131833003,0.0,0.0,0.0,0.0,163.26666666666668,15.2,20.116666666666667,198.58333333333334
8484164,0.3058080591131055,0.0,0.0,0.0,0.0,303.93333333333334,23.46666666666667,44.666666666666664,372.06666666666666
8484166,0.999197233695234,0.1028303409096059,0.0,0.0,0.0,511.3333333333333,51.78333333333333,91.2,654.3166666666667
8484168,0.2855468074920973,0.0,0.0,0.0,0.0,19.366666666666667,1.6,9.116666666666667,30.083333333333336
8484170,0.0,0.0,0.0,0.0,0.0,68.8,7.733333333333333,16.0,92.53333333333333
8484180,0.6365483353681576,0.18075778274300291,0.0,0.0,0.0,240.58333333333334,32.35,59.166666666666664,332.1
8484185,0.39783703719134106,0.0,0.0,0.0,0.0,15.916666666666666,3.933333333333333,7.4,27.25
8484186,0.7050821650497365,0.0,0.0,0.0,0.0,442.6166666666667,47.1,90.36666666666666,580.0833333333334
8484197,0.6565420182931268,0.0,0.0,0.0,0.0,287.9166666666667,34.45,45.86666666666667,368.23333333333335
8484203,0.6227817267558416,0.0,0.0,0.0,0.0,74.71666666666667,4.183333333333334,8.1,87.0
8484210,0.785363998712875,0.0,0.0,0.0,0.0,25.316666666666666,1.3666666666666667,0.1,26.78333333333333
8484214,0.6936866384592413,0.0,0.0,0.0,0.0,42.416666666666664,5.2,6.383333333333333,54.0
8484221,0.7088557691650917,0.0,0.0,0.0,0.0,260.7,21.85,43.45,326.0
8484223,0.20203380512351782,0.0,0.0,0.0,0.0,467.8833333333333,38.55,70.73333333333333,577.1666666666666
8484227,0.9102532456123491,0.0,0.0,0.0,0.0,379.8333333333333,49.03333333333333,98.96666666666667,527.8333333333334
8484240,0.1872057963642606,0.0,0.0,0.0,0.0,290.68333333333334,19.583333333333332,43.766666666666666,354.03333333333336
8484241,0.9074225803921738,0.0,0.0,0.0,0.0,304.4166666666667,46.45,75.76666666666667,426.6333333333333
8484255,0.0,0.0,0.0,0.0,0.0,55.3,6.733333333333333,10.366666666666667,72.4
8484258,0.24246344910108636,0.0,0.0,0.0,0.0,489.7,57.41666666666667,119.76666666666667,666.8833333333333
8484262,0.08405397182256803,0.0,0.0,0.0,0.0,160.51666666666668,9.416666666666666,22.15,192.08333333333334
8484268,0.0,0.0,0.0,0.0,0.0,75.31666666666666,6.483333333333333,20.416666666666668,102.21666666666667
8484304,0.2603740079653915,0.0,0.0,0.0,0.0,273.53333333333336,38.766666666666666,49.78333333333333,362.0833333333333
8484305,0.13388953378895663,0.0,0.0,0.0,0.0,32.583333333333336,1.2999999999999998,1.7166666666666668,35.6
8484321,0.14468797154973975,0.0,0.0,0.0,0.0,340.59999999999997,32.13333333333333,54.766666666666666,427.5
8484386,0.2768563762815161,0.0,0.0,0.0,0.0,256.6666666666667,30.8,46.36666666666667,333.8333333333333
8484387,0.9054278424187208,0.0,0.0,0.0,0.0,403.8833333333333,30.916666666666664,75.46666666666667,510.26666666666665
8484388,1.0941863190228498,0.0,0.0,0.0,0.0,108.7,10.883333333333333,18.8,138.38333333333333
8484403,0.32701606466534816,0.0,0.0,0.0,0.0,69.9,5.166666666666667,8.183333333333334,83.25
8484428,0.19467611920405228,0.05464504425359396,0.0,0.0,0.0,114.1,13.383333333333333,18.183333333333334,145.66666666666666
8484471,1.055707257390094,0.0,0.0,0.0,0.0,436.1166666666667,44.88333333333333,77.03333333333333,558.0333333333333
8484529,0.8980766471627748,0.0,0.0,0.0,0.0,64.78333333333333,3.316666666666667,13.933333333333334,82.03333333333333
8484762,1.0974578177261272,0.0,0.0,0.0,0.0,430.43333333333334,44.45,79.9,554.7833333333333
8484768,0.1422557813787819,0.0,0.0,0.0,0.0,202.86666666666667,22.683333333333334,44.71666666666667,270.26666666666665
8484779,0.27718233903337364,0.0,0.0,0.0,0.0,30.016666666666666,6.116666666666666,8.950000000000001,45.083333333333336
8484783,0.22456478412928654,0.0,0.0,0.0,0.0,443.6666666666667,53.71666666666667,78.31666666666666,575.7
8484794,0.7203016006227196,0.0,0.0,0.0,0.0,130.5,10.833333333333334,21.616666666666667,162.95000000000002
8484798,0.18954556122465777,0.0,0.0,0.0,0.0,434.31666666666666,45.28333333333333,75.96666666666667,555.5666666666667
8484800,0.33418676685655146,0.0,0.0,0.0,0.0,287.75,21.633333333333333,46.63333333333333,356.01666666666665
8484801,1.0533673630459104,0.0,0.0,0.0,0.0,427.8333333333333,61.36666666666667,124.48333333333333,613.6833333333333
8484806,0.28444891023798624,0.0,0.0,0.0,0.0,318.6,34.166666666666664,68.9,421.6666666666667
8484821,2.668919116258621,0.0,0.0,0.0,0.0,15.0,1.3333333333333333,5.1499999999999995,21.483333333333334
8484829,0.7141248478570851,0.0,0.0,0.0,0.0,371.71666666666664,31.78333333333333,69.43333333333334,472.93333333333334
8484839,0.18238327439449128,0.0,0.0,0.0,0.0,149.35,12.7,25.25,187.3
8484860,0.2465259240715104,0.0,0.0,0.0,0.0,67.85,4.05,12.85,84.75
8484901,0.014116881149155753,0.0,0.0,0.0,0.0,36.4,4.633333333333333,7.133333333333333,48.166666666666664
8484911,0.6820056307844411,0.975113305026893,0.0,0.0,0.0,339.4,35.56666666666667,68.7,443.6666666666667
8484958,0.3238027227701544,0.0,0.0,0.0,0.0,290.1,25.85,39.516666666666666,355.46666666666664
8484984,0.6139295650105127,0.0,0.0,0.0,0.0,429.8,49.9,73.06666666666666,552.7666666666667
8484994,0.3285421364072751,0.0,0.0,0.0,0.0,13.716666666666667,0.1,2.0,15.816666666666666
8485366,0.48778973917326807,0.25851408347355825,0.0,0.0,0.0,505.81666666666666,51.28333333333333,100.41666666666667,657.5166666666667
8485385,0.0,0.0,0.0,0.0,0.0,33.36666666666667,2.0833333333333335,9.466666666666667,44.916666666666664
8485402,1.1450159032555187,0.0,0.0,0.0,0.0,85.0,10.516666666666667,18.183333333333334,113.7
8485405,0.4145653476615842,0.0,0.0,0.0,0.0,17.21666666666667,0.36666666666666664,2.2,19.78333333333333
8485414,0.8896653487793429,0.17159445697343967,0.0,0.0,0.0,420.78333333333336,35.55,70.21666666666667,526.55
8485493,0.4829489055186825,0.0,0.0,0.0,0.0,284.3333333333333,24.25,38.583333333333336,347.1666666666667
8485511,0.3193293771382128,0.0,0.0,0.0,0.0,1.4833333333333334,0.0,0.0,1.4833333333333334
8485702,0.7723737123841447,0.0,0.0,0.0,0.0,233.46666666666667,21.733333333333334,43.46666666666667,298.6666666666667
