playerId,our_xG_total,our_xA_total,name,I_F_goals,I_F_assists,games_played,xG_to_goals_ratio,xA_to_assists_ratio,our_xG_per_game,our_xA_per_game,actual_goals_per_game,actual_assists_per_game
8470613,3.208376073278482,0.0,Brent Burns,2.0,9.0,24,1.604188036639241,0.0,0.1336823363866034,0.0,0.08333333333333333,0.375
8470621,9.209806395228949,0.0,Corey Perry,7.0,6.0,18,1.3156866278898498,0.0,0.5116559108460527,0.0,0.3888888888888889,0.3333333333333333
8471214,9.824112996459,0.0,Alex Ovechkin,11.0,12.0,25,0.8931011814962727,0.0,0.39296451985836,0.0,0.44,0.48
8471215,9.10868786112405,0.0,Evgeni Malkin,6.0,18.0,23,1.518114643520675,0.0,0.3960299070053935,0.0,0.2608695652173913,0.782608695652174
8471675,10.38802026910707,0.0,Sidney Crosby,15.0,10.0,23,0.692534684607138,0.0,0.45165305517856824,0.0,0.6521739130434783,0.43478260869565216
8471685,6.385710040456613,0.0,Anze Kopitar,4.0,8.0,20,1.5964275101141532,0.0,0.3192855020228306,0.0,0.2,0.4
8471724,3.2425841307267516,0.0,Kris Letang,2.0,8.0,23,1.6212920653633758,0.0,0.14098191872725008,0.0,0.08695652173913043,0.34782608695652173
8471817,2.5336153148673466,0.0,Ryan Reaves,2.0,0.0,21,1.2668076574336733,0.0,0.1206483483270165,0.0,0.09523809523809523,0.0
8473419,11.222897103871212,0.0,Brad Marchand,15.0,12.0,23,0.7481931402580808,0.0,0.4879520479944005,0.0,0.6521739130434783,0.5217391304347826
8473422,2.100331347435712,0.0,Nick Foligno,0.0,6.0,15,2.100331347435712,0.0,0.14002208982904746,0.0,0.0,0.4
8473507,0.7775932666845604,0.0,Jeff Petry,0.0,5.0,24,0.7775932666845604,0.0,0.03239971944519002,0.0,0.0,0.20833333333333334
8473512,4.857030962593851,0.0,Claude Giroux,4.0,12.0,24,1.2142577406484627,0.0,0.20237629010807712,0.0,0.16666666666666666,0.5
8473533,7.314074365422128,0.0,Jordan Staal,7.0,2.0,21,1.0448677664888755,0.0,0.3482892554962918,0.0,0.3333333333333333,0.09523809523809523
8473604,7.463967237621544,0.0,Jonathan Toews,3.0,5.0,23,2.4879890792071815,0.0,0.32452031467919756,0.0,0.13043478260869565,0.21739130434782608
8473986,5.810459208674725,0.0,Alex Killorn,1.0,7.0,24,5.810459208674725,0.0,0.24210246702811355,0.0,0.041666666666666664,0.2916666666666667
8473994,3.2497092625126234,0.0,Jamie Benn,2.0,3.0,6,1.6248546312563117,0.0,0.5416182104187706,0.0,0.3333333333333333,0.5
8474013,1.4364159000106138,0.0,Ian Cole,1.0,8.0,25,1.4364159000106138,0.0,0.057456636000424555,0.0,0.04,0.32
8474037,9.324396847747263,0.0,James van Riemsdyk,3.0,1.0,20,3.108132282582421,0.0,0.46621984238736314,0.0,0.15,0.05
8474090,0.1394974403083321,0.0,Brendan Smith,0.0,1.0,2,0.1394974403083321,0.0,0.06974872015416606,0.0,0.0,0.5
8474102,3.830934221856294,0.0,David Perron,3.0,8.0,24,1.276978073952098,0.0,0.15962225924401224,0.0,0.125,0.3333333333333333
8474141,6.5500012161210135,0.0,Patrick Kane,3.0,10.0,16,2.1833337387070046,0.0,0.40937507600756334,0.0,0.1875,0.625
8474149,0.5592877473682161,0.0,Evgenii Dadonov,0.0,0.0,5,0.5592877473682161,0.0,0.11185754947364321,0.0,0.0,0.0
8474150,4.758939754683521,0.0,Mikael Backlund,4.0,10.0,26,1.1897349386708802,0.0,0.18303614441090466,0.0,0.15384615384615385,0.38461538461538464
8474151,0.8881065328605462,0.0,Ryan McDonagh,3.0,3.0,15,0.2960355109535154,0.0,0.05920710219070308,0.0,0.2,0.2
8474189,3.2680872753262507,0.0,Lars Eller,2.0,4.0,24,1.6340436376631253,0.0,0.13617030313859377,0.0,0.08333333333333333,0.16666666666666666
8474563,1.0162328202277402,0.0,Drew Doughty,2.0,6.0,19,0.5081164101138701,0.0,0.053485937906723166,0.0,0.10526315789473684,0.3157894736842105
8474564,8.296113297808912,0.0,Steven Stamkos,6.0,3.0,24,1.3826855496348187,0.0,0.3456713874087047,0.0,0.25,0.125
8474567,0.5194525392726055,0.0,Zach Bogosian,0.0,0.0,9,0.5194525392726055,0.0,0.05771694880806728,0.0,0.0,0.0
8474568,0.6252873828634606,0.0,Luke Schenn,0.0,2.0,16,0.6252873828634606,0.0,0.03908046142896629,0.0,0.0,0.125
8474574,1.9413880351930835,0.0,Tyler Myers,1.0,5.0,25,1.9413880351930835,0.0,0.07765552140772333,0.0,0.04,0.2
8474578,3.8863607943057965,0.0,Erik Karlsson,1.0,14.0,23,3.8863607943057965,0.0,0.16897220844807812,0.0,0.043478260869565216,0.6086956521739131
8474586,10.600685258861628,0.0,Jordan Eberle,8.0,6.0,23,1.3250856573577035,0.0,0.4608993590809403,0.0,0.34782608695652173,0.2608695652173913
8474590,4.789562843739983,0.0,John Carlson,6.0,16.0,24,0.7982604739566638,0.0,0.19956511848916594,0.0,0.25,0.6666666666666666
8474600,2.326292872428892,0.0,Roman Josi,2.0,5.0,12,1.163146436214446,0.0,0.19385773936907433,0.0,0.16666666666666666,0.4166666666666667
8474612,0.7657157122157506,0.0,Travis Hamonic,0.0,1.0,15,0.7657157122157506,0.0,0.05104771414771671,0.0,0.0,0.06666666666666667
8474641,6.092171976342794,0.0,Adam Henrique,2.0,5.0,25,3.046085988171397,0.0,0.24368687905371175,0.0,0.08,0.2
8474679,2.284808470867573,0.0,Gustav Nyquist,0.0,6.0,18,2.284808470867573,0.0,0.1269338039370874,0.0,0.0,0.3333333333333333
8474716,2.6459059459157266,0.0,Jared Spurgeon,1.0,3.0,25,2.6459059459157266,0.0,0.10583623783662906,0.0,0.04,0.12
8475149,6.618473453680051,0.0,Marcus Johansson,8.0,12.0,25,0.8273091817100063,0.0,0.264738938147202,0.0,0.32,0.48
8475151,10.721243802458043,0.0,Kyle Palmieri,6.0,12.0,25,1.7868739670763405,0.0,0.4288497520983217,0.0,0.24,0.48
8475158,9.453330645337697,0.0,Ryan O'Reilly,8.0,10.0,24,1.1816663306672122,0.0,0.3938887768890707,0.0,0.3333333333333333,0.4166666666666667
8475166,14.568310339003796,0.0,John Tavares,12.0,16.0,24,1.2140258615836497,0.0,0.6070129307918248,0.0,0.5,0.6666666666666666
8475167,2.0861176145262994,0.0,Victor Hedman,0.0,12.0,15,2.0861176145262994,0.0,0.13907450763508664,0.0,0.0,0.8
8475168,0.47133170720189776,0.0,Matt Duchene,1.0,1.0,4,0.47133170720189776,0.0,0.11783292680047444,0.0,0.25,0.25
8475169,8.218491443898523,0.0,Evander Kane,4.0,9.0,25,2.054622860974631,0.0,0.32873965775594094,0.0,0.16,0.36
8475170,7.198464811779555,0.0,Brayden Schenn,4.0,5.0,25,1.7996162029448888,0.0,0.2879385924711822,0.0,0.16,0.2
8475171,2.441616271622476,0.0,Oliver Ekman-Larsson,3.0,15.0,24,0.8138720905408253,0.0,0.10173401131760317,0.0,0.125,0.625
8475172,11.569836962968106,0.0,Nazem Kadri,5.0,16.0,26,2.313967392593621,0.0,0.44499372934492715,0.0,0.19230769230769232,0.6153846153846154
8475179,0.0164288971573114,0.0,Dmitry Kulikov,0.0,0.0,2,0.0164288971573114,0.0,0.0082144485786557,0.0,0.0,0.0
8475181,0.3189135324209924,0.0,Nick Leddy,0.0,2.0,9,0.3189135324209924,0.0,0.03543483693566582,0.0,0.0,0.2222222222222222
8475184,8.789438151288774,0.0,Chris Kreider,11.0,6.0,20,0.7990398319353431,0.0,0.4394719075644387,0.0,0.55,0.3
8475188,1.6701407562941288,0.0,Brayden McNabb,0.0,1.0,24,1.6701407562941288,0.0,0.06958919817892203,0.0,0.0,0.041666666666666664
8475191,2.7075454499572493,0.0,Reilly Smith,3.0,3.0,24,0.9025151499857498,0.0,0.11281439374821872,0.0,0.125,0.125
8475200,1.5413829479366519,0.0,Dmitry Orlov,0.0,13.0,25,1.5413829479366519,0.0,0.061655317917466076,0.0,0.0,0.52
8475208,1.3365654982626414,0.0,Brian Dumoulin,0.0,5.0,24,1.3365654982626414,0.0,0.055690229094276726,0.0,0.0,0.20833333333333334
8475218,4.392843834124501,0.0,Mattias Ekholm,2.0,8.0,25,2.1964219170622505,0.0,0.17571375336498005,0.0,0.08,0.32
8475220,3.685156070627271,0.0,Marcus Foligno,0.0,2.0,23,3.685156070627271,0.0,0.16022417698379438,0.0,0.0,0.08695652173913043
8475231,3.6213371413759874,0.0,Casey Cizikas,1.0,4.0,25,3.6213371413759874,0.0,0.1448534856550395,0.0,0.04,0.16
8475235,0.5630239583551879,0.0,Nicolas Deslauriers,0.0,0.0,11,0.5630239583551879,0.0,0.05118399621410799,0.0,0.0,0.0
8475279,1.264943034388123,0.0,Ben Chiarot,3.0,4.0,25,0.4216476781293743,0.0,0.050597721375524915,0.0,0.12,0.16
8475287,5.745485992170868,0.0,Erik Haula,4.0,9.0,24,1.436371498042717,0.0,0.23939524967378614,0.0,0.16666666666666666,0.375
8475314,16.13175646262243,0.0,Anders Lee,5.0,8.0,25,3.226351292524486,0.0,0.6452702585048972,0.0,0.2,0.32
8475324,1.4479230744764189,0.0,Nick Jensen,1.0,5.0,24,1.4479230744764189,0.0,0.06033012810318412,0.0,0.041666666666666664,0.20833333333333334
8475343,3.3044876428320995,0.0,Nic Dowd,1.0,4.0,19,3.3044876428320995,0.0,0.17392040225432104,0.0,0.05263157894736842,0.21052631578947367
8475455,0.8548899265006168,0.0,Brenden Dillon,3.0,6.0,24,0.28496330883353893,0.0,0.035620413604192366,0.0,0.125,0.25
8475461,0.0176045708358287,0.0,Andrew Agozzino,0.0,0.0,2,0.0176045708358287,0.0,0.00880228541791435,0.0,0.0,0.0
8475462,0.7156671406701187,0.0,Radko Gudas,1.0,2.0,13,0.7156671406701187,0.0,0.055051318513086055,0.0,0.07692307692307693,0.15384615384615385
8475690,0.18154922965913972,0.0,Chris Tanev,0.0,2.0,8,0.18154922965913972,0.0,0.022693653707392465,0.0,0.0,0.25
8475692,4.503507691901175,0.0,Mats Zuccarello,1.0,8.0,10,4.503507691901175,0.0,0.4503507691901175,0.0,0.1,0.8
8475714,1.6085212123580266,0.0,Calle Jarnkrok,4.0,0.0,18,0.40213030308950665,0.0,0.08936228957544592,0.0,0.2222222222222222,0.0
8475722,9.69979651365429,0.0,Jason Zucker,6.0,7.0,16,1.616632752275715,0.0,0.6062372821033931,0.0,0.375,0.4375
8475726,7.471955029293891,0.0,Tyler Toffoli,5.0,8.0,25,1.4943910058587782,0.0,0.2988782011717557,0.0,0.2,0.32
8475745,7.351143828360361,0.0,Charlie Coyle,3.0,12.0,25,2.4503812761201202,0.0,0.29404575313441444,0.0,0.12,0.48
8475752,1.1879533780738705,0.0,Tyler Pitlick,0.0,0.0,14,1.1879533780738705,0.0,0.08485381271956217,0.0,0.0,0.0
8475753,3.1633738758973746,0.0,Justin Faulk,6.0,7.0,25,0.5272289793162291,0.0,0.12653495503589499,0.0,0.24,0.28
8475754,7.2925215475261185,0.0,Brock Nelson,6.0,6.0,24,1.2154202579210198,0.0,0.30385506448025495,0.0,0.25,0.25
8475755,1.550180531106887,0.0,Alexander Petrovic,1.0,6.0,23,1.550180531106887,0.0,0.0673991535263864,0.0,0.043478260869565216,0.2608695652173913
8475760,4.9877914665266845,0.0,Nick Bjugstad,4.0,1.0,19,1.2469478666316711,0.0,0.2625153403435097,0.0,0.21052631578947367,0.05263157894736842
8475762,0.0720354989171028,0.0,Derek Forbort,0.0,0.0,2,0.0720354989171028,0.0,0.0360177494585514,0.0,0.0,0.0
8475763,3.0619352152571064,0.0,Kevin Hayes,1.0,1.0,8,3.0619352152571064,0.0,0.3827419019071383,0.0,0.125,0.125
8475764,2.1447531757876246,0.0,Cam Fowler,1.0,10.0,25,2.1447531757876246,0.0,0.08579012703150499,0.0,0.04,0.4
8475765,5.095782694406806,0.0,Vladimir Tarasenko,2.0,8.0,18,2.547891347203403,0.0,0.2830990385781559,0.0,0.1111111111111111,0.4444444444444444
8475768,6.652027153875676,0.0,Jaden Schwartz,8.0,7.0,23,0.8315033942344595,0.0,0.2892185719076381,0.0,0.34782608695652173,0.30434782608695654
8475784,3.5543320775032026,0.0,Jeff Skinner,4.0,3.0,17,0.8885830193758006,0.0,0.20907835750018838,0.0,0.23529411764705882,0.17647058823529413
8475786,4.837236901745198,0.0,Zach Hyman,0.0,2.0,6,4.837236901745198,0.0,0.8062061502908664,0.0,0.0,0.3333333333333333
8475790,0.1487956214696167,0.0,Erik Gudbranson,0.0,0.0,4,0.1487956214696167,0.0,0.037198905367404174,0.0,0.0,0.0
8475791,7.870232271961864,0.0,Taylor Hall,5.0,7.0,24,1.574046454392373,0.0,0.3279263446650777,0.0,0.20833333333333334,0.2916666666666667
8475794,5.346422903239724,0.0,Tyler Seguin,7.0,10.0,25,0.7637747004628178,0.0,0.213856916129589,0.0,0.28,0.4
8475795,0.14226838946342452,0.0,Dylan McIlrath,0.0,0.0,3,0.14226838946342452,0.0,0.04742279648780817,0.0,0.0,0.0
8475798,3.0562622183933836,0.0,Mikael Granlund,3.0,6.0,9,1.0187540727977946,0.0,0.3395846909325982,0.0,0.3333333333333333,0.6666666666666666
8475799,7.473225051537154,0.0,Nino Niederreiter,4.0,9.0,23,1.8683062628842886,0.0,0.32492282832770236,0.0,0.17391304347826086,0.391304347826087
8475810,11.745976586826142,0.0,Bryan Rust,7.0,10.0,21,1.6779966552608774,0.0,0.5593322184202925,0.0,0.3333333333333333,0.47619047619047616
8475842,4.676467203535137,0.0,Sam Carrick,1.0,5.0,26,4.676467203535137,0.0,0.1798641232128899,0.0,0.038461538461538464,0.19230769230769232
8475848,6.086732237134126,0.0,Brendan Gallagher,1.0,9.0,23,6.086732237134126,0.0,0.2646405320493098,0.0,0.043478260869565216,0.391304347826087
8475906,1.3370086755603532,0.0,John Klingberg,3.0,4.0,16,0.44566955852011775,0.0,0.08356304222252207,0.0,0.1875,0.25
8475913,5.181774319149552,0.0,Mark Stone,4.0,11.0,8,1.295443579787388,0.0,0.647721789893694,0.0,0.5,1.375
8476278,2.897281803190707,0.0,Colin Blackwell,2.0,4.0,24,1.4486409015953534,0.0,0.12072007513294612,0.0,0.08333333333333333,0.16666666666666666
8476292,4.7958787670359,0.0,Ondrej Palat,1.0,3.0,24,4.7958787670359,0.0,0.19982828195982916,0.0,0.041666666666666664,0.125
8476312,2.675170111469922,0.0,Josh Manson,2.0,2.0,24,1.337585055734961,0.0,0.11146542131124675,0.0,0.08333333333333333,0.08333333333333333
8476331,1.2854249710217098,0.0,Dylan DeMelo,1.0,9.0,23,1.2854249710217098,0.0,0.05588804221833521,0.0,0.043478260869565216,0.391304347826087
8476372,1.4628204023465485,0.0,Nick Seeler,0.0,3.0,23,1.4628204023465485,0.0,0.0636008870585456,0.0,0.0,0.13043478260869565
8476374,4.580339584965256,0.0,Sean Kuraly,2.0,4.0,26,2.290169792482628,0.0,0.1761669071140483,0.0,0.07692307692307693,0.15384615384615385
8476389,3.916202988475559,0.0,Vincent Trocheck,5.0,6.0,12,0.7832405976951118,0.0,0.3263502490396299,0.0,0.4166666666666667,0.5
8476392,2.855390951503067,0.0,Adam Lowry,1.0,2.0,11,2.855390951503067,0.0,0.2595809955911879,0.0,0.09090909090909091,0.18181818181818182
8476393,2.910303956363349,0.0,Nick Cousins,4.0,2.0,24,0.7275759890908372,0.0,0.12126266484847287,0.0,0.16666666666666666,0.08333333333333333
8476399,9.20596049726009,0.0,Blake Coleman,8.0,3.0,26,1.1507450621575113,0.0,0.3540754037407727,0.0,0.3076923076923077,0.11538461538461539
8476419,3.241779648000373,0.0,Jean-Gabriel Pageau,6.0,6.0,22,0.5402966080000622,0.0,0.14735362036365332,0.0,0.2727272727272727,0.2727272727272727
8476422,1.746250092051921,0.0,Mike Reilly,1.0,4.0,19,1.746250092051921,0.0,0.09190789958168005,0.0,0.05263157894736842,0.21052631578947367
8476425,0.4109107684344053,0.0,Joseph LaBate,0.0,0.0,1,0.4109107684344053,0.0,0.4109107684344053,0.0,0.0,0.0
8476429,1.6004111384972906,0.0,Scott Mayfield,0.0,3.0,23,1.6004111384972906,0.0,0.06958309297814307,0.0,0.0,0.13043478260869565
8476432,4.474180704914032,0.0,Boone Jenner,3.0,7.0,16,1.4913935683046773,0.0,0.279636294057127,0.0,0.1875,0.4375
8476438,6.01555272331461,0.0,Brandon Saad,1.0,3.0,24,6.01555272331461,0.0,0.25064803013810877,0.0,0.041666666666666664,0.125
8476441,1.4092104602605078,0.0,Joel Edmundson,2.0,9.0,24,0.7046052301302539,0.0,0.05871710251085449,0.0,0.08333333333333333,0.375
8476448,3.3419648623093945,0.0,William Karlsson,4.0,3.0,14,0.8354912155773486,0.0,0.23871177587924247,0.0,0.2857142857142857,0.21428571428571427
8476453,9.284448219928883,0.0,Nikita Kucherov,11.0,18.0,22,0.8440407472662621,0.0,0.42202037363313105,0.0,0.5,0.8181818181818182
8476454,5.008071143180129,0.0,Ryan Nugent-Hopkins,5.0,11.0,16,1.001614228636026,0.0,0.3130044464487581,0.0,0.3125,0.6875
8476455,8.72502516629174,0.0,Gabriel Landeskog,3.0,6.0,24,2.9083417220972465,0.0,0.3635427152621558,0.0,0.125,0.25
8476456,7.486258111894127,0.0,Jonathan Huberdeau,4.0,8.0,21,1.8715645279735318,0.0,0.35648848151876794,0.0,0.19047619047619047,0.38095238095238093
8476457,0.6836224282160384,0.0,Adam Larsson,1.0,4.0,23,0.6836224282160384,0.0,0.02972271427026254,0.0,0.043478260869565216,0.17391304347826086
8476458,2.9112584106624113,0.0,Ryan Strome,1.0,2.0,8,2.9112584106624113,0.0,0.3639073013328014,0.0,0.125,0.25
8476459,12.532052315305913,0.0,Mika Zibanejad,9.0,9.0,26,1.3924502572562125,0.0,0.4820020121271505,0.0,0.34615384615384615,0.34615384615384615
8476460,10.477118435082954,0.0,Mark Scheifele,13.0,17.0,23,0.8059321873140733,0.0,0.45552688848186756,0.0,0.5652173913043478,0.7391304347826086
8476461,4.376192317344246,0.0,Sean Couturier,4.0,11.0,22,1.0940480793360614,0.0,0.19891783260655663,0.0,0.18181818181818182,0.5
8476462,3.1046382868662428,0.0,Dougie Hamilton,4.0,4.0,20,0.7761595717165607,0.0,0.15523191434331213,0.0,0.2,0.2
8476463,1.4350437005050465,0.0,Jonas Brodin,2.0,6.0,24,0.7175218502525232,0.0,0.0597934875210436,0.0,0.08333333333333333,0.25
8476467,1.245902533642946,0.0,Jamie Oleksiak,2.0,3.0,23,0.622951266821473,0.0,0.054169675375780255,0.0,0.08695652173913043,0.13043478260869565
8476468,11.369767467025664,0.0,J.T. Miller,6.0,7.0,24,1.8949612445042774,0.0,0.47374031112606935,0.0,0.25,0.2916666666666667
8476469,4.124304537661371,0.0,Joel Armia,5.0,6.0,24,0.8248609075322741,0.0,0.1718460224025571,0.0,0.20833333333333334,0.25
8476473,1.0377954533323628,0.0,Connor Murphy,0.0,3.0,24,1.0377954533323628,0.0,0.04324147722218178,0.0,0.0,0.125
8476474,4.159833138342945,0.0,Stefan Noesen,1.0,2.0,18,4.159833138342945,0.0,0.2311018410190525,0.0,0.05555555555555555,0.1111111111111111
8476479,5.261961272452024,0.0,Phillip Danault,0.0,4.0,24,5.261961272452024,0.0,0.21924838635216767,0.0,0.0,0.16666666666666666
8476480,6.294086202047763,0.0,Vladislav Namestnikov,6.0,1.0,23,1.0490143670079604,0.0,0.2736559218281636,0.0,0.2608695652173913,0.043478260869565216
8476483,2.8253923561424004,0.0,Rickard Rakell,3.0,5.0,9,0.9417974520474668,0.0,0.31393248401582224,0.0,0.3333333333333333,0.5555555555555556
8476525,0.39351490046828896,0.0,Colin Miller,0.0,0.0,8,0.39351490046828896,0.0,0.04918936255853612,0.0,0.0,0.0
8476539,6.635606086114418,0.0,Jonathan Marchessault,4.0,3.0,20,1.6589015215286045,0.0,0.3317803043057209,0.0,0.2,0.15
8476624,3.609598322305827,0.0,Barclay Goodrow,1.0,2.0,25,3.609598322305827,0.0,0.14438393289223309,0.0,0.04,0.08
8476822,2.0305852862074962,0.0,Luke Glendening,0.0,3.0,24,2.0305852862074962,0.0,0.08460772025864567,0.0,0.0,0.125
8476826,5.749464879278091,0.0,Yanni Gourde,5.0,4.0,24,1.1498929758556182,0.0,0.23956103663658712,0.0,0.20833333333333334,0.16666666666666666
8476853,3.29418667312711,0.0,Morgan Rielly,4.0,14.0,23,0.8235466682817775,0.0,0.14322550752726565,0.0,0.17391304347826086,0.6086956521739131
8476854,1.4426305955275869,0.0,Hampus Lindholm,1.0,6.0,18,1.4426305955275869,0.0,0.08014614419597704,0.0,0.05555555555555555,0.3333333333333333
8476856,0.4098634552210563,0.0,Mathew Dumba,1.0,2.0,9,0.4098634552210563,0.0,0.0455403839134507,0.0,0.1111111111111111,0.2222222222222222
8476867,1.0537404504138972,0.0,Brendan Gaunce,1.0,1.0,4,1.0537404504138972,0.0,0.2634351126034743,0.0,0.25,0.25
8476869,2.5431812014430726,0.0,Brady Skjei,0.0,6.0,24,2.5431812014430726,0.0,0.10596588339346136,0.0,0.0,0.25
8476871,2.091180285904555,0.0,Tanner Pearson,3.0,1.0,21,0.6970600953015184,0.0,0.09958001361450262,0.0,0.14285714285714285,0.047619047619047616
8476872,1.8467784496024242,0.0,Scott Laughton,0.0,0.0,6,1.8467784496024242,0.0,0.3077964082670707,0.0,0.0,0.0
8476873,2.5695414864458135,0.0,Mark Jankowski,1.0,3.0,15,2.5695414864458135,0.0,0.17130276576305423,0.0,0.06666666666666667,0.2
8476874,0.3726477026939384,0.0,Olli Mtt,0.0,1.0,16,0.3726477026939384,0.0,0.02329048141837115,0.0,0.0,0.0625
8476875,2.3783026081509857,0.0,Mike Matheson,4.0,11.0,23,0.5945756520377464,0.0,0.1034044612239559,0.0,0.17391304347826086,0.4782608695652174
8476878,5.7573738992214185,0.0,Zemgus Girgensons,5.0,1.0,17,1.1514747798442837,0.0,0.3386690528953776,0.0,0.29411764705882354,0.058823529411764705
8476879,1.1691772220656258,0.0,Cody Ceci,1.0,5.0,24,1.1691772220656258,0.0,0.04871571758606774,0.0,0.041666666666666664,0.20833333333333334
8476880,11.376060181064528,0.0,Tom Wilson,13.0,13.0,25,0.8750815523895791,0.0,0.4550424072425811,0.0,0.52,0.52
8476881,15.970038036815819,0.0,Tomas Hertl,9.0,9.0,24,1.7744486707573133,0.0,0.6654182515339925,0.0,0.375,0.375
8476882,4.314344327896832,0.0,Teuvo Teravainen,6.0,10.0,24,0.7190573879828053,0.0,0.17976434699570132,0.0,0.25,0.4166666666666667
8476885,3.112264496274289,0.0,Jacob Trouba,4.0,9.0,24,0.7780661240685722,0.0,0.12967768734476204,0.0,0.16666666666666666,0.375
8476887,10.548303775489325,0.0,Filip Forsberg,9.0,8.0,24,1.1720337528321472,0.0,0.4395126573120552,0.0,0.375,0.3333333333333333
8476889,2.519818827509879,0.0,Radek Faksa,1.0,9.0,24,2.519818827509879,0.0,0.10499245114624496,0.0,0.041666666666666664,0.375
8476891,1.1780803319998059,0.0,Matt Grzelcyk,0.0,4.0,24,1.1780803319998059,0.0,0.04908668049999191,0.0,0.0,0.16666666666666666
8476892,2.1062679030001132,0.0,Colton Parayko,0.0,7.0,25,2.1062679030001132,0.0,0.08425071612000452,0.0,0.0,0.28
8476897,2.0858926991932085,0.0,Oskar Sundqvist,1.0,9.0,16,2.0858926991932085,0.0,0.13036829369957553,0.0,0.0625,0.5625
8476902,2.047936001436026,0.0,Esa Lindell,3.0,5.0,25,0.6826453338120086,0.0,0.08191744005744103,0.0,0.12,0.2
8476905,3.6002538632601477,0.0,Chandler Stephenson,4.0,8.0,23,0.9000634658150369,0.0,0.1565327766634847,0.0,0.17391304347826086,0.34782608695652173
8476906,2.696227562613782,0.0,Shayne Gostisbehere,3.0,15.0,15,0.8987425208712607,0.0,0.17974850417425214,0.0,0.2,1.0
8476907,0.7417792771011587,0.0,Mackenzie MacEachern,1.0,3.0,8,0.7417792771011587,0.0,0.09272240963764483,0.0,0.125,0.375
8476917,3.0846466636285146,0.0,Adam Pelech,0.0,2.0,25,3.0846466636285146,0.0,0.12338586654514058,0.0,0.0,0.08
8476921,7.367126179859039,0.0,Jordan Martinook,3.0,6.0,24,2.4557087266196795,0.0,0.30696359082745994,0.0,0.125,0.25
8476923,3.5164940343238387,0.0,Damon Severson,1.0,7.0,25,3.5164940343238387,0.0,0.14065976137295355,0.0,0.04,0.28
8476925,3.16271822247654,0.0,Colton Sissons,0.0,2.0,22,3.16271822247654,0.0,0.1437599192034791,0.0,0.0,0.09090909090909091
8476927,0.15582742542028422,0.0,Teddy Blueger,1.0,0.0,2,0.15582742542028422,0.0,0.07791371271014211,0.0,0.5,0.0
8476931,1.495875954627989,0.0,Jake McCabe,3.0,7.0,24,0.49862531820932965,0.0,0.062328164776166206,0.0,0.125,0.2916666666666667
8476958,0.2647462459281086,0.0,Jaccob Slavin,0.0,0.0,2,0.2647462459281086,0.0,0.1323731229640543,0.0,0.0,0.0
8476967,1.3454875694587802,0.0,Brett Kulak,0.0,2.0,25,1.3454875694587802,0.0,0.05381950277835121,0.0,0.0,0.08
8476979,0.0302818305790423,0.0,Erik Gustafsson,0.0,0.0,1,0.0302818305790423,0.0,0.0302818305790423,0.0,0.0,0.0
8476981,4.062552862800655,0.0,Josh Anderson,5.0,3.0,23,0.812510572560131,0.0,0.1766327331652459,0.0,0.21739130434782608,0.13043478260869565
8476994,2.952000949531792,0.0,Vinnie Hinostroza,2.0,3.0,22,1.476000474765896,0.0,0.1341818613423542,0.0,0.09090909090909091,0.13636363636363635
8477015,3.963967106305061,0.0,Connor Brown,6.0,3.0,17,0.6606611843841769,0.0,0.2331745356650036,0.0,0.35294117647058826,0.17647058823529413
8477018,1.3219951121136526,0.0,Ben Hutton,2.0,4.0,17,0.6609975560568263,0.0,0.07776441835962662,0.0,0.11764705882352941,0.23529411764705882
8477070,2.2583111636340605,0.0,Liam O'Brien,1.0,0.0,8,2.2583111636340605,0.0,0.28228889545425756,0.0,0.125,0.0
8477073,0.026456668972969,0.0,Kurtis MacDermid,0.0,0.0,8,0.026456668972969,0.0,0.003307083621621125,0.0,0.0,0.0
8477149,1.11290278006345,0.0,Scott Sabourin,1.0,1.0,3,1.11290278006345,0.0,0.3709675933544833,0.0,0.3333333333333333,0.3333333333333333
8477220,2.096919609233734,0.0,Nate Schmidt,1.0,9.0,25,2.096919609233734,0.0,0.08387678436934935,0.0,0.04,0.36
8477346,2.512148340698327,0.0,MacKenzie Weegar,1.0,4.0,26,2.512148340698327,0.0,0.09662109002685873,0.0,0.038461538461538464,0.15384615384615385
8477365,0.36555291526019507,0.0,Connor Clifton,0.0,0.0,8,0.36555291526019507,0.0,0.04569411440752438,0.0,0.0,0.0
8477369,1.7367438599467262,0.0,Carson Soucy,2.0,2.0,22,0.8683719299733631,0.0,0.07894290272485119,0.0,0.09090909090909091,0.09090909090909091
8477380,3.4318829970434286,0.0,Jonny Brodzinski,2.0,2.0,15,1.7159414985217143,0.0,0.22879219980289525,0.0,0.13333333333333333,0.13333333333333333
8477401,0.4722031131386755,0.0,John Hayden,0.0,0.0,3,0.4722031131386755,0.0,0.15740103771289185,0.0,0.0,0.0
8477402,8.16026052413508,0.0,Pavel Buchnevich,3.0,8.0,25,2.7200868413783597,0.0,0.3264104209654032,0.0,0.12,0.32
8477404,15.592928983271117,0.0,Jake Guentzel,13.0,13.0,24,1.1994560756362398,0.0,0.6497053743029632,0.0,0.5416666666666666,0.5416666666666666
8477406,2.6048467233777037,0.0,Mattias Janmark,0.0,3.0,9,2.6048467233777037,0.0,0.28942741370863373,0.0,0.0,0.3333333333333333
8477407,4.502925791777669,0.0,Anthony Duclair,3.0,5.0,25,1.5009752639258895,0.0,0.18011703167110674,0.0,0.12,0.2
8477409,7.4159086393192375,0.0,Carter Verhaeghe,4.0,12.0,24,1.8539771598298094,0.0,0.30899619330496825,0.0,0.16666666666666666,0.5
8477416,7.360676175914701,0.0,Oliver Bjorkstrand,2.0,7.0,24,3.6803380879573506,0.0,0.30669484066311253,0.0,0.08333333333333333,0.2916666666666667
8477419,0.012978677637875,0.0,Mason Geertsen,0.0,0.0,5,0.012978677637875,0.0,0.0025957355275750002,0.0,0.0,0.0
8477425,6.747480132617055,0.0,Miles Wood,6.0,2.0,19,1.1245800221028424,0.0,0.35513053329563443,0.0,0.3157894736842105,0.10526315789473684
8477426,4.039287539198994,0.0,Nick Paul,1.0,2.0,5,4.039287539198994,0.0,0.8078575078397987,0.0,0.2,0.4
8477429,5.935484814457593,0.0,Andrew Copp,1.0,8.0,25,5.935484814457593,0.0,0.23741939257830372,0.0,0.04,0.32
8477435,0.8113346109166728,0.0,Ryan Graves,1.0,0.0,9,0.8113346109166728,0.0,0.09014829010185253,0.0,0.1111111111111111,0.0
8477444,5.92824429925531,0.0,Andre Burakovsky,7.0,9.0,19,0.8468920427507586,0.0,0.3120128578555426,0.0,0.3684210526315789,0.47368421052631576
8477446,3.939764115028081,0.0,Michael McCarron,1.0,4.0,24,3.939764115028081,0.0,0.16415683812617005,0.0,0.041666666666666664,0.16666666666666666
8477447,5.000169214326884,0.0,Shea Theodore,3.0,11.0,24,1.6667230714422947,0.0,0.20834038393028684,0.0,0.125,0.4583333333333333
8477450,2.281929728575049,0.0,Jason Dickinson,2.0,2.0,11,1.1409648642875245,0.0,0.2074481571431863,0.0,0.18181818181818182,0.18181818181818182
8477451,6.889743951149281,0.0,Ryan Hartman,4.0,4.0,21,1.7224359877873203,0.0,0.3280830452928229,0.0,0.19047619047619047,0.19047619047619047
8477454,1.604830960277467,0.0,Adam Erne,2.0,1.0,14,0.8024154801387335,0.0,0.11463078287696193,0.0,0.14285714285714285,0.07142857142857142
8477456,4.8189826607704145,0.0,J.T. Compher,4.0,5.0,25,1.2047456651926036,0.0,0.19275930643081657,0.0,0.16,0.2
8477463,0.09497191105037911,0.0,Steven Santini,0.0,1.0,5,0.09497191105037911,0.0,0.018994382210075822,0.0,0.0,0.2
8477476,13.536283541470763,0.0,Artturi Lehkonen,9.0,13.0,24,1.5040315046078625,0.0,0.5640118142279484,0.0,0.375,0.5416666666666666
8477478,4.543819599784909,0.0,William Carrier,1.0,4.0,18,4.543819599784909,0.0,0.25243442221027274,0.0,0.05555555555555555,0.2222222222222222
8477479,9.308082632720467,0.0,Tyler Bertuzzi,12.0,8.0,21,0.7756735527267056,0.0,0.44324203012954605,0.0,0.5714285714285714,0.38095238095238093
8477488,0.5136113651096814,0.0,Brett Pesce,0.0,3.0,9,0.5136113651096814,0.0,0.05706792945663127,0.0,0.0,0.3333333333333333
8477492,14.039332146756342,0.0,Nathan MacKinnon,19.0,22.0,24,0.7389122182503338,0.0,0.5849721727815143,0.0,0.7916666666666666,0.9166666666666666
8477494,6.874864472076294,0.0,Jonathan Drouin,3.0,12.0,24,2.291621490692098,0.0,0.2864526863365123,0.0,0.125,0.5
8477495,3.717247561551626,0.0,Seth Jones,3.0,10.0,24,1.2390825205172087,0.0,0.15488531506465109,0.0,0.125,0.4166666666666667
8477496,4.353149862494317,0.0,Elias Lindholm,4.0,7.0,16,1.0882874656235793,0.0,0.2720718664058948,0.0,0.25,0.4375
8477497,7.399439734872427,0.0,Sean Monahan,3.0,8.0,25,2.4664799116241425,0.0,0.2959775893948971,0.0,0.12,0.32
8477498,3.105436280835415,0.0,Darnell Nurse,5.0,5.0,25,0.621087256167083,0.0,0.1242174512334166,0.0,0.2,0.2
8477500,14.677931676444125,0.0,Bo Horvat,14.0,11.0,25,1.0484236911745803,0.0,0.587117267057765,0.0,0.56,0.44
8477501,7.639282083604482,0.0,Valeri Nichushkin,5.0,7.0,17,1.5278564167208963,0.0,0.4493695343296754,0.0,0.29411764705882354,0.4117647058823529
8477503,3.9888269877992544,0.0,Max Domi,3.0,3.0,23,1.3296089959330848,0.0,0.17342726033909803,0.0,0.13043478260869565,0.13043478260869565
8477504,3.3776690931990707,0.0,Josh Morrissey,5.0,18.0,23,0.6755338186398141,0.0,0.146855177965177,0.0,0.21739130434782608,0.782608695652174
8477505,5.57281334325671,0.0,Alexander Wennberg,5.0,8.0,25,1.1145626686513421,0.0,0.2229125337302684,0.0,0.2,0.32
8477506,1.3943862523883555,0.0,Ryan Pulock,0.0,10.0,25,1.3943862523883555,0.0,0.05577545009553422,0.0,0.0,0.4
8477507,2.94787957333028,0.0,Nikita Zadorov,1.0,7.0,26,2.94787957333028,0.0,0.11337998358962616,0.0,0.038461538461538464,0.2692307692307692
8477508,1.0877061625942581,0.0,Curtis Lazar,1.0,0.0,9,1.0877061625942581,0.0,0.1208562402882509,0.0,0.1111111111111111,0.0
8477511,6.577840088400986,0.0,Anthony Mantha,8.0,6.0,23,0.8222300110501233,0.0,0.285993047321782,0.0,0.34782608695652173,0.2608695652173913
8477527,2.006455834954976,0.0,Ross Johnston,1.0,4.0,23,2.006455834954976,0.0,0.08723721021543375,0.0,0.043478260869565216,0.17391304347826086
8477541,0.1989517845213408,0.0,Dakota Mermis,1.0,0.0,9,0.1989517845213408,0.0,0.022105753835704532,0.0,0.1111111111111111,0.0
8477573,4.103637991473077,0.0,Nathan Walker,3.0,6.0,24,1.3678793304910257,0.0,0.17098491631137822,0.0,0.125,0.25
8477810,0.83167531294748,0.0,Joel Hanley,0.0,3.0,23,0.83167531294748,0.0,0.03615979621510783,0.0,0.0,0.13043478260869565
8477839,4.964279536157844,0.0,Conor Sheary,0.0,5.0,24,4.964279536157844,0.0,0.2068449806732435,0.0,0.0,0.20833333333333334
8477845,1.5489040878601361,0.0,Trevor van Riemsdyk,1.0,1.0,18,1.5489040878601361,0.0,0.0860502271033409,0.0,0.05555555555555555,0.05555555555555555
8477903,1.5260066166520108,0.0,Garnet Hathaway,0.0,0.0,23,1.5260066166520108,0.0,0.06634811376747873,0.0,0.0,0.0
8477919,1.5036798799410451,0.0,Frederick Gaudreau,0.0,2.0,10,1.5036798799410451,0.0,0.1503679879941045,0.0,0.0,0.2
8477932,2.7706781933084104,0.0,Aaron Ekblad,1.0,6.0,23,2.7706781933084104,0.0,0.12046426927427871,0.0,0.043478260869565216,0.2608695652173913
8477933,15.303314651362593,0.0,Sam Reinhart,13.0,10.0,24,1.1771780501048148,0.0,0.6376381104734413,0.0,0.5416666666666666,0.4166666666666667
8477934,10.363452150020743,0.0,Leon Draisaitl,14.0,15.0,25,0.7402465821443388,0.0,0.4145380860008297,0.0,0.56,0.6
8477935,9.69421779317781,0.0,Sam Bennett,6.0,6.0,24,1.6157029655296349,0.0,0.4039257413824087,0.0,0.25,0.25
8477938,0.9139993637800207,0.0,Haydn Fleury,0.0,0.0,15,0.9139993637800207,0.0,0.060933290918668045,0.0,0.0,0.0
8477939,6.099407969973978,0.0,William Nylander,11.0,20.0,20,0.554491633633998,0.0,0.3049703984986989,0.0,0.55,1.0
8477940,7.275229998864228,0.0,Nikolaj Ehlers,4.0,11.0,24,1.818807499716057,0.0,0.3031345832860095,0.0,0.16666666666666666,0.4583333333333333
8477942,11.461788135115052,0.0,Kevin Fiala,10.0,7.0,24,1.1461788135115052,0.0,0.4775745056297938,0.0,0.4166666666666667,0.2916666666666667
8477946,14.037372794933612,0.0,Dylan Larkin,14.0,13.0,25,1.0026694853524007,0.0,0.5614949117973445,0.0,0.56,0.52
8477947,2.8006492406129824,0.0,Sonny Milano,3.0,2.0,14,0.9335497468709941,0.0,0.20004637432949873,0.0,0.21428571428571427,0.14285714285714285
8477948,2.933687174925578,0.0,Travis Sanheim,2.0,6.0,23,1.466843587462789,0.0,0.1275516163011121,0.0,0.08695652173913043,0.2608695652173913
8477949,12.45170007552951,0.0,Alex Tuch,8.0,13.0,24,1.5564625094411888,0.0,0.5188208364803962,0.0,0.3333333333333333,0.5416666666666666
8477950,2.1755807022564078,0.0,Tony DeAngelo,1.0,8.0,25,2.1755807022564078,0.0,0.08702322809025631,0.0,0.04,0.32
8477951,10.050301064737138,0.0,Nick Schmaltz,10.0,12.0,25,1.0050301064737137,0.0,0.40201204258948553,0.0,0.4,0.48
8477953,0.4971023378893731,0.0,Kasperi Kapanen,0.0,2.0,6,0.4971023378893731,0.0,0.08285038964822884,0.0,0.0,0.3333333333333333
8477955,2.89780033379793,0.0,Jared McCann,3.0,2.0,6,0.96593344459931,0.0,0.482966722299655,0.0,0.5,0.3333333333333333
8477956,8.618425929453219,0.0,David Pastrnak,11.0,18.0,25,0.783493266313929,0.0,0.34473703717812876,0.0,0.44,0.72
8477960,9.226575895212585,0.0,Adrian Kempe,7.0,13.0,24,1.3180822707446551,0.0,0.38444066230052437,0.0,0.2916666666666667,0.5416666666666666
8477964,7.329576172509403,0.0,Ivan Barbashev,8.0,12.0,24,0.9161970215636753,0.0,0.30539900718789176,0.0,0.3333333333333333,0.5
8477969,1.1214585322886688,0.0,Marcus Pettersson,1.0,4.0,25,1.1214585322886688,0.0,0.04485834129154675,0.0,0.04,0.16
8477986,4.3585554030723825,0.0,Brandon Montour,5.0,8.0,19,0.8717110806144766,0.0,0.22939765279328328,0.0,0.2631578947368421,0.42105263157894735
8477987,9.243047527037557,0.0,Ryan Donato,8.0,5.0,24,1.1553809408796947,0.0,0.38512698029323156,0.0,0.3333333333333333,0.20833333333333334
8477989,8.232679156120863,0.0,Christian Dvorak,6.0,9.0,23,1.3721131926868104,0.0,0.3579425720052549,0.0,0.2608695652173913,0.391304347826087
8477993,1.3352499520406123,0.0,Justin Kirkland,0.0,1.0,9,1.3352499520406123,0.0,0.14836110578229025,0.0,0.0,0.1111111111111111
8477996,2.1178477043285957,0.0,Juho Lammikko,0.0,0.0,12,2.1178477043285957,0.0,0.17648730869404963,0.0,0.0,0.0
8477998,4.132427664473651,0.0,Warren Foegele,4.0,0.0,18,1.0331069161184128,0.0,0.22957931469298062,0.0,0.2222222222222222,0.0
8478010,7.230147098656741,0.0,Brayden Point,3.0,8.0,21,2.4100490328855804,0.0,0.3442927189836543,0.0,0.14285714285714285,0.38095238095238093
8478013,1.4444564562290891,0.0,Jake Walman,3.0,7.0,17,0.4814854854096964,0.0,0.08496802683700524,0.0,0.17647058823529413,0.4117647058823529
8478020,5.560664481017736,0.0,Michael Amadio,6.0,4.0,24,0.926777413502956,0.0,0.231694353375739,0.0,0.25,0.16666666666666666
8478038,3.4015858434140647,0.0,Devon Toews,0.0,7.0,24,3.4015858434140647,0.0,0.14173274347558604,0.0,0.0,0.2916666666666667
8478042,6.06098801689222,0.0,Viktor Arvidsson,6.0,4.0,20,1.0101646694820368,0.0,0.303049400844611,0.0,0.3,0.2
8478043,0.4433811735361814,0.0,Sam Lafferty,1.0,0.0,10,0.4433811735361814,0.0,0.04433811735361814,0.0,0.1,0.0
8478046,1.7840623911470168,0.0,Danton Heinen,0.0,1.0,8,1.7840623911470168,0.0,0.2230077988933771,0.0,0.0,0.125
8478047,7.087885789107527,0.0,Michael Bunting,5.0,8.0,24,1.4175771578215053,0.0,0.29532857454614697,0.0,0.20833333333333334,0.3333333333333333
8478055,1.540127575397489,0.0,Gustav Forsling,1.0,11.0,24,1.540127575397489,0.0,0.06417198230822871,0.0,0.041666666666666664,0.4583333333333333
8478057,3.730003902688621,0.0,Dakota Joshua,2.0,3.0,23,1.8650019513443106,0.0,0.16217408272559222,0.0,0.08695652173913043,0.13043478260869565
8478062,0.047395675443112795,0.0,Dysin Mayo,0.0,0.0,1,0.047395675443112795,0.0,0.047395675443112795,0.0,0.0,0.0
8478104,1.0518990829586978,0.0,Sammy Blais,1.0,2.0,8,1.0518990829586978,0.0,0.13148738536983723,0.0,0.125,0.25
8478109,7.1812843773514,0.0,Victor Olofsson,6.0,10.0,24,1.1968807295585666,0.0,0.29922018238964165,0.0,0.25,0.4166666666666667
8478133,4.21725388150662,0.0,Jake Evans,4.0,4.0,23,1.054313470376655,0.0,0.1833588644133313,0.0,0.17391304347826086,0.17391304347826086
8478136,2.0646675210446106,0.0,Jake Middleton,0.0,5.0,23,2.0646675210446106,0.0,0.08976815308889612,0.0,0.0,0.21739130434782608
8478173,0.7482532747089856,0.0,Hayden Hodgson,0.0,0.0,8,0.7482532747089856,0.0,0.0935316593386232,0.0,0.0,0.0
8478178,3.510299306828525,0.0,Darren Raddysh,3.0,10.0,18,1.1700997689428416,0.0,0.19501662815714027,0.0,0.16666666666666666,0.5555555555555556
8478233,5.867903230711816,0.0,Andrew Mangiapane,4.0,4.0,25,1.466975807677954,0.0,0.23471612922847263,0.0,0.16,0.16
8478366,6.062441826798018,0.0,Frank Vatrano,2.0,1.0,24,3.031220913399009,0.0,0.25260174278325076,0.0,0.08333333333333333,0.041666666666666664
8478396,2.0736708110198343,0.0,Noah Hanifin,1.0,3.0,14,2.0736708110198343,0.0,0.14811934364427387,0.0,0.07142857142857142,0.21428571428571427
8478397,5.329953677486623,0.0,Rasmus Andersson,5.0,13.0,26,1.0659907354973246,0.0,0.20499821836487012,0.0,0.19230769230769232,0.5
8478398,9.912690078373993,0.0,Kyle Connor,11.0,17.0,23,0.9011536434885449,0.0,0.43098652514669533,0.0,0.4782608695652174,0.7391304347826086
8478399,0.9882161403074842,0.0,Jonas Siegenthaler,0.0,2.0,24,0.9882161403074842,0.0,0.04117567251281184,0.0,0.0,0.08333333333333333
8478401,8.451420844532546,0.0,Pavel Zacha,5.0,12.0,25,1.6902841689065091,0.0,0.33805683378130186,0.0,0.2,0.48
8478402,13.924706748221062,0.0,Connor McDavid,10.0,24.0,25,1.3924706748221063,0.0,0.5569882699288425,0.0,0.4,0.96
8478403,11.243244683835648,0.0,Jack Eichel,11.0,20.0,24,1.022113153075968,0.0,0.468468528493152,0.0,0.4583333333333333,0.8333333333333334
8478407,2.615169535391029,0.0,Vince Dunn,4.0,9.0,23,0.6537923838477573,0.0,0.11370302327787084,0.0,0.17391304347826086,0.391304347826087
8478413,1.9955327063798893,0.0,Jordan Greenway,1.0,2.0,12,1.9955327063798893,0.0,0.16629439219832412,0.0,0.08333333333333333,0.16666666666666666
8478414,12.013274129480118,0.0,Timo Meier,8.0,12.0,24,1.5016592661850148,0.0,0.5005530887283383,0.0,0.3333333333333333,0.5
8478416,0.585858964361249,0.0,Erik Cernak,0.0,4.0,19,0.585858964361249,0.0,0.030834682334802577,0.0,0.0,0.21052631578947367
8478420,11.244050931185479,0.0,Mikko Rantanen,10.0,20.0,24,1.1244050931185479,0.0,0.4685021221327283,0.0,0.4166666666666667,0.8333333333333334
8478421,4.7859555082395655,0.0,A.J. Greer,6.0,4.0,24,0.7976592513732609,0.0,0.19941481284331522,0.0,0.25,0.16666666666666666
8478424,1.3675768850371235,0.0,Jansen Harkins,2.0,0.0,13,0.6837884425185617,0.0,0.10519822192593258,0.0,0.15384615384615385,0.0
8478427,10.856206113705406,0.0,Sebastian Aho,8.0,16.0,24,1.3570257642131758,0.0,0.45234192140439194,0.0,0.3333333333333333,0.6666666666666666
8478434,2.132144100032745,0.0,Keegan Kolesar,0.0,3.0,24,2.132144100032745,0.0,0.08883933750136437,0.0,0.0,0.125
8478438,5.423423689790067,0.0,Tommy Novak,2.0,7.0,23,2.7117118448950337,0.0,0.2358010299908725,0.0,0.08695652173913043,0.30434782608695654
8478439,6.813949753995981,0.0,Travis Konecny,5.0,12.0,23,1.3627899507991963,0.0,0.296258684956347,0.0,0.21739130434782608,0.5217391304347826
8478440,5.969940864481029,0.0,Dylan Strome,5.0,16.0,23,1.1939881728962058,0.0,0.2595626462817839,0.0,0.21739130434782608,0.6956521739130435
8478443,0.9205786045640689,0.0,Brandon Carlo,0.0,2.0,18,0.9205786045640689,0.0,0.05114325580911494,0.0,0.0,0.1111111111111111
8478444,8.817334132269021,0.0,Brock Boeser,9.0,7.0,23,0.9797037924743357,0.0,0.38336235357691395,0.0,0.391304347826087,0.30434782608695654
8478445,8.358395347371692,0.0,Mathew Barzal,7.0,11.0,24,1.194056478195956,0.0,0.34826647280715384,0.0,0.2916666666666667,0.4583333333333333
8478449,10.274582960875701,0.0,Roope Hintz,8.0,12.0,20,1.2843228701094627,0.0,0.5137291480437851,0.0,0.4,0.6
8478450,0.9920860342681391,0.0,Parker Wotherspoon,2.0,7.0,23,0.49604301713406956,0.0,0.04313417540296257,0.0,0.08695652173913043,0.30434782608695654
8478452,0.23468936141580302,0.0,Caleb Jones,0.0,1.0,7,0.23468936141580302,0.0,0.033527051630829,0.0,0.0,0.14285714285714285
8478454,0.7519448893144716,0.0,Noah Juulsen,0.0,2.0,21,0.7519448893144716,0.0,0.03580689949116531,0.0,0.0,0.09523809523809523
8478458,8.165891864337024,0.0,Jack Roslovic,10.0,8.0,23,0.8165891864337024,0.0,0.35503877671030537,0.0,0.43478260869565216,0.34782608695652173
8478460,6.249010890722268,0.0,Zach Werenski,9.0,15.0,25,0.6943345434135852,0.0,0.2499604356288907,0.0,0.36,0.6
8478462,4.391409307718275,0.0,Nicolas Roy,1.0,4.0,21,4.391409307718275,0.0,0.2091147289389655,0.0,0.047619047619047616,0.19047619047619047
8478463,10.100788046838712,0.0,Anthony Beauvillier,5.0,3.0,25,2.0201576093677422,0.0,0.40403152187354846,0.0,0.2,0.12
8478468,0.8208812088705586,0.0,Jeremy Lauzon,0.0,4.0,17,0.8208812088705586,0.0,0.04828712993356227,0.0,0.0,0.23529411764705882
8478469,1.577461919747291,0.0,Thomas Chabot,2.0,8.0,18,0.7887309598736455,0.0,0.08763677331929394,0.0,0.1111111111111111,0.4444444444444444
8478472,4.389344815164803,0.0,Mathieu Joseph,2.0,5.0,19,2.1946724075824013,0.0,0.23101814816656857,0.0,0.10526315789473684,0.2631578947368421
8478474,8.744036339456212,0.0,Lawson Crouse,4.0,5.0,25,2.186009084864053,0.0,0.3497614535782485,0.0,0.16,0.2
8478476,0.4670139597728842,0.0,Kyle Capobianco,0.0,3.0,10,0.4670139597728842,0.0,0.04670139597728842,0.0,0.0,0.3
8478483,6.690691570285704,0.0,Mitch Marner,4.0,19.0,24,1.672672892571426,0.0,0.278778815428571,0.0,0.16666666666666666,0.7916666666666666
8478493,9.757689735386515,0.0,Joel Eriksson Ek,4.0,12.0,25,2.439422433846629,0.0,0.3903075894154606,0.0,0.16,0.48
8478498,15.277016027830536,0.0,Jake DeBrusk,8.0,4.0,25,1.909627003478817,0.0,0.6110806411132215,0.0,0.32,0.16
8478500,3.4084020901936998,0.0,Ivan Provorov,3.0,4.0,25,1.1361340300645666,0.0,0.136336083607748,0.0,0.12,0.16
8478507,2.336953578516839,0.0,John Marino,1.0,12.0,25,2.336953578516839,0.0,0.09347814314067357,0.0,0.04,0.48
8478508,6.632160321809349,0.0,Yakov Trenin,1.0,5.0,25,6.632160321809349,0.0,0.265286412872374,0.0,0.04,0.2
8478519,9.91265358147211,0.0,Anthony Cirelli,9.0,8.0,20,1.1014059534969012,0.0,0.49563267907360553,0.0,0.45,0.4
8478542,6.795467353425916,0.0,Evan Rodrigues,7.0,6.0,24,0.9707810504894165,0.0,0.28314447305941315,0.0,0.2916666666666667,0.25
8478550,7.393385624978685,0.0,Artemi Panarin,8.0,18.0,26,0.9241732031223356,0.0,0.2843609855761033,0.0,0.3076923076923077,0.6923076923076923
8478569,1.5879536299034944,0.0,Noel Acciari,0.0,3.0,13,1.5879536299034944,0.0,0.12215027922334573,0.0,0.0,0.23076923076923078
8478831,3.472546828445045,0.0,Kevin Stenlund,1.0,3.0,25,3.472546828445045,0.0,0.1389018731378018,0.0,0.04,0.12
8478840,0.9304973450489326,0.0,Will Borgen,1.0,2.0,19,0.9304973450489326,0.0,0.04897354447625961,0.0,0.05263157894736842,0.10526315789473684
8478841,0.1974422950297592,0.0,Colton White,0.0,0.0,7,0.1974422950297592,0.0,0.028206042147108458,0.0,0.0,0.0
8478851,1.331725124269722,0.0,Alexandre Carrier,1.0,7.0,23,1.331725124269722,0.0,0.057901092359553125,0.0,0.043478260869565216,0.30434782608695654
8478854,1.2625305904075483,0.0,Ryan Shea,2.0,8.0,23,0.6312652952037742,0.0,0.05489263436554558,0.0,0.08695652173913043,0.34782608695652173
8478856,7.728972178418184,0.0,Conor Garland,6.0,9.0,21,1.288162029736364,0.0,0.3680462942103897,0.0,0.2857142857142857,0.42857142857142855
8478859,2.437517473008481,0.0,Niko Mikkola,0.0,4.0,24,2.437517473008481,0.0,0.10156322804202005,0.0,0.0,0.16666666666666666
8478864,12.183599513489746,0.0,Kirill Kaprizov,16.0,14.0,25,0.7614749695931091,0.0,0.4873439805395898,0.0,0.64,0.56
8478873,11.246281710453326,0.0,Troy Terry,7.0,20.0,24,1.6066116729219038,0.0,0.4685950712688886,0.0,0.2916666666666667,0.8333333333333334
8478874,5.3268784894607935,0.0,Adam Gaudette,6.0,1.0,21,0.887813081576799,0.0,0.253660880450514,0.0,0.2857142857142857,0.047619047619047616
8478882,2.0557039957493517,0.0,Vladislav Gavrikov,4.0,7.0,26,0.5139259989373379,0.0,0.07906553829805199,0.0,0.15384615384615385,0.2692307692307692
8478891,2.75012608617544,0.0,Mason Appleton,3.0,6.0,25,0.9167086953918133,0.0,0.1100050434470176,0.0,0.12,0.24
8478904,2.0042991144582616,0.0,Steven Lorentz,2.0,4.0,18,1.0021495572291308,0.0,0.11134995080323676,0.0,0.1111111111111111,0.2222222222222222
8478911,1.7891120999847747,0.0,Matt Roy,1.0,4.0,25,1.7891120999847747,0.0,0.07156448399939098,0.0,0.04,0.16
8478970,1.424986324273048,0.0,Jalen Chatfield,0.0,4.0,17,1.424986324273048,0.0,0.08382272495723812,0.0,0.0,0.23529411764705882
8478975,4.745397412683812,0.0,Mason Marchment,2.0,9.0,22,2.372698706341906,0.0,0.21569988239471874,0.0,0.09090909090909091,0.4090909090909091
8479022,3.277358258608727,0.0,Rodrigo Abols,1.0,0.0,18,3.277358258608727,0.0,0.18207545881159592,0.0,0.05555555555555555,0.0
8479026,0.6698238141834724,0.0,Philippe Myers,0.0,0.0,10,0.6698238141834724,0.0,0.06698238141834724,0.0,0.0,0.0
8479066,2.2602926157414895,0.0,Ryan Lomberg,0.0,1.0,24,2.2602926157414895,0.0,0.09417885898922873,0.0,0.0,0.041666666666666664
8479291,0.2752231061458586,0.0,Kevin Rooney,1.0,0.0,1,0.2752231061458586,0.0,0.2752231061458586,0.0,1.0,0.0
8479293,1.7326193035114545,0.0,Brandon Tanev,0.0,1.0,25,1.7326193035114545,0.0,0.06930477214045819,0.0,0.0,0.04
8479316,2.3786952663213,0.0,Luke Kunin,1.0,1.0,19,2.3786952663213,0.0,0.12519448770112107,0.0,0.05263157894736842,0.05263157894736842
8479318,12.071132511831815,0.0,Auston Matthews,9.0,6.0,19,1.3412369457590905,0.0,0.6353227637806218,0.0,0.47368421052631576,0.3157894736842105
8479323,2.2724356302060147,0.0,Adam Fox,3.0,22.0,26,0.7574785434020049,0.0,0.08740137039253902,0.0,0.11538461538461539,0.8461538461538461
8479324,1.6017935136333092,0.0,Ryan Lindgren,0.0,3.0,23,1.6017935136333092,0.0,0.06964319624492649,0.0,0.0,0.13043478260869565
8479325,1.9067111979238667,0.0,Charlie McAvoy,0.0,14.0,19,1.9067111979238667,0.0,0.10035322094336141,0.0,0.0,0.7368421052631579
8479336,0.2729191221296786,0.0,Carl Grundstrom,0.0,0.0,1,0.2729191221296786,0.0,0.2729191221296786,0.0,0.0,0.0
8479337,14.394160839729004,0.0,Alex DeBrincat,12.0,14.0,25,1.1995134033107504,0.0,0.5757664335891601,0.0,0.48,0.56
8479339,0.4781113900244232,0.0,Patrik Laine,0.0,1.0,5,0.4781113900244232,0.0,0.09562227800488464,0.0,0.0,0.2
8479343,10.381496962159867,0.0,Clayton Keller,8.0,13.0,25,1.2976871202699833,0.0,0.4152598784863947,0.0,0.32,0.52
8479345,7.646059878403314,0.0,Jakob Chychrun,10.0,13.0,25,0.7646059878403314,0.0,0.30584239513613254,0.0,0.4,0.52
8479351,6.07305077044293,0.0,Sam Steel,3.0,6.0,25,2.02435025681431,0.0,0.2429220308177172,0.0,0.12,0.24
8479353,5.217328729107974,0.0,Brett Howden,4.0,2.0,20,1.3043321822769935,0.0,0.2608664364553987,0.0,0.2,0.1
8479359,5.075048332568256,0.0,Beck Malenstyn,2.0,2.0,23,2.537524166284128,0.0,0.22065427532905463,0.0,0.08695652173913043,0.08695652173913043
8479362,0.5771160172298548,0.0,Riley Tufte,1.0,0.0,4,0.5771160172298548,0.0,0.1442790043074637,0.0,0.25,0.0
8479365,4.755886887665836,0.0,Trent Frederic,2.0,0.0,25,2.377943443832918,0.0,0.19023547550663344,0.0,0.08,0.0
8479369,1.271045147208494,0.0,Andrew Peeke,0.0,4.0,26,1.271045147208494,0.0,0.04888635181571131,0.0,0.0,0.15384615384615385
8479370,1.9625884210690843,0.0,Tyson Jost,1.0,2.0,18,1.9625884210690843,0.0,0.10903269005939357,0.0,0.05555555555555555,0.1111111111111111
8479371,0.8781617088243349,0.0,Dante Fabbro,1.0,3.0,25,0.8781617088243349,0.0,0.035126468352973395,0.0,0.04,0.12
8479372,0.7273809788748613,0.0,Joshua Mahura,1.0,1.0,13,0.7273809788748613,0.0,0.055952382990373944,0.0,0.07692307692307693,0.07692307692307693
8479378,1.7894872371107307,0.0,Logan Stanley,3.0,6.0,23,0.5964957457035769,0.0,0.07780379291785786,0.0,0.13043478260869565,0.2608695652173913
8479383,0.1606485247611999,0.0,Boris Katchouk,0.0,0.0,3,0.1606485247611999,0.0,0.0535495082537333,0.0,0.0,0.0
8479385,8.377401750069106,0.0,Jordan Kyrou,7.0,7.0,24,1.196771678581301,0.0,0.3490584062528794,0.0,0.2916666666666667,0.2916666666666667
8479390,3.3069239323958737,0.0,Taylor Raddysh,5.0,2.0,26,0.6613847864791748,0.0,0.12718938201522592,0.0,0.19230769230769232,0.07692307692307693
8479393,1.194744727574288,0.0,Noah Gregor,0.0,1.0,11,1.194744727574288,0.0,0.10861315705220799,0.0,0.0,0.09090909090909091
8479395,0.4580785455182188,0.0,Dennis Cholowski,0.0,1.0,10,0.4580785455182188,0.0,0.04580785455182188,0.0,0.0,0.1
8479398,0.7156602521426964,0.0,Samuel Girard,0.0,2.0,9,0.7156602521426964,0.0,0.07951780579363293,0.0,0.0,0.2222222222222222
8479400,0.958853370510041,0.0,Pierre-Luc Dubois,0.0,0.0,6,0.958853370510041,0.0,0.15980889508500684,0.0,0.0,0.0
8479402,0.4684114363044492,0.0,Jake Bean,1.0,1.0,13,0.4684114363044492,0.0,0.03603164894649609,0.0,0.07692307692307693,0.07692307692307693
8479407,6.9117614789865875,0.0,Jesper Bratt,5.0,17.0,24,1.3823522957973176,0.0,0.28799006162444113,0.0,0.20833333333333334,0.7083333333333334
8479410,2.926117080263789,0.0,Mikhail Sergachev,3.0,13.0,25,0.9753723600879297,0.0,0.11704468321055156,0.0,0.12,0.52
8479414,1.7279621808556833,0.0,Nathan Bastian,3.0,0.0,17,0.5759873936185611,0.0,0.10164483416798137,0.0,0.17647058823529413,0.0
8479420,11.71003338415175,0.0,Tage Thompson,12.0,9.0,24,0.9758361153459791,0.0,0.48791805767298957,0.0,0.5,0.375
8479421,0.12411638721823659,0.0,Jacob Moverare,0.0,0.0,6,0.12411638721823659,0.0,0.020686064536372766,0.0,0.0,0.0
8479425,2.1071296427398885,0.0,Filip Hronek,2.0,14.0,25,1.0535648213699442,0.0,0.08428518570959553,0.0,0.08,0.56
8479442,0.4477715259417884,0.0,Troy Stecher,0.0,1.0,11,0.4477715259417884,0.0,0.040706502358344394,0.0,0.0,0.09090909090909091
8479520,2.711047716438769,0.0,Brandon Duhaime,3.0,1.0,25,0.9036825721462564,0.0,0.10844190865755075,0.0,0.12,0.04
8479525,9.675831512548026,0.0,Ross Colton,5.0,7.0,24,1.935166302509605,0.0,0.40315964635616774,0.0,0.20833333333333334,0.2916666666666667
8479533,1.0375580778345457,0.0,Joona Koppanen,0.0,1.0,9,1.0375580778345457,0.0,0.11528423087050507,0.0,0.0,0.1111111111111111
8479542,13.27600029460154,0.0,Brandon Hagel,13.0,12.0,23,1.0212307918924262,0.0,0.5772174041131104,0.0,0.5652173913043478,0.5217391304347826
8479576,0.3493129508569829,0.0,Vincent Desharnais,0.0,2.0,20,0.3493129508569829,0.0,0.017465647542849145,0.0,0.0,0.1
8479591,5.6805434459820345,0.0,Michael Eyssimont,5.0,7.0,26,1.136108689196407,0.0,0.21848244023007826,0.0,0.19230769230769232,0.2692307692307692
8479619,6.907521161250766,0.0,Michael Carcone,4.0,4.0,23,1.7268802903126914,0.0,0.30032700701090287,0.0,0.17391304347826086,0.17391304347826086
8479638,4.5515919718891364,0.0,Justin Brazeau,6.0,6.0,12,0.7585986619815227,0.0,0.37929933099076135,0.0,0.5,0.5
8479661,5.682350880932061,0.0,Tanner Jeannot,3.0,7.0,26,1.894116960310687,0.0,0.21855195695892543,0.0,0.11538461538461539,0.2692307692307692
8479671,4.502282471396027,0.0,Mathieu Olivier,3.0,6.0,23,1.5007608237986758,0.0,0.19575141179982727,0.0,0.13043478260869565,0.2608695652173913
8479675,5.677673512138423,0.0,Trevor Moore,3.0,6.0,23,1.8925578373794743,0.0,0.2468553700929749,0.0,0.13043478260869565,0.2608695652173913
8479705,1.7696324745193117,0.0,Jeffrey Viel,0.0,0.0,8,1.7696324745193117,0.0,0.22120405931491396,0.0,0.0,0.0
8479772,0.5573695246130225,0.0,Zack MacEwen,0.0,0.0,3,0.5573695246130225,0.0,0.18578984153767417,0.0,0.0,0.0
8479941,0.20919224712997647,0.0,Justin Danforth,0.0,0.0,4,0.20919224712997647,0.0,0.05229806178249412,0.0,0.0,0.0
8479944,1.649266547523438,0.0,Zachary Aston-Reese,0.0,3.0,16,1.649266547523438,0.0,0.10307915922021488,0.0,0.0,0.1875
8479977,3.2301870975643387,0.0,Kailer Yamamoto,3.0,3.0,17,1.0767290325214462,0.0,0.19001100573907875,0.0,0.17647058823529413,0.17647058823529413
8479980,1.0954132946208104,0.0,Nicolas Hague,1.0,3.0,16,1.0954132946208104,0.0,0.06846333091380065,0.0,0.0625,0.1875
8479981,0.44080951716750827,0.0,Jonah Gadjovich,0.0,3.0,10,0.44080951716750827,0.0,0.044080951716750826,0.0,0.0,0.3
8479982,1.2655316204763927,0.0,Conor Timmins,0.0,5.0,24,1.2655316204763927,0.0,0.05273048418651636,0.0,0.0,0.20833333333333334
8479983,1.3674581167288102,0.0,Mario Ferraro,1.0,5.0,25,1.3674581167288102,0.0,0.05469832466915241,0.0,0.04,0.2
8479985,0.1212027221918102,0.0,Cale Fleury,0.0,1.0,4,0.1212027221918102,0.0,0.03030068054795255,0.0,0.0,0.25
8479987,10.389956026803697,0.0,Morgan Geekie,18.0,6.0,26,0.5772197792668721,0.0,0.39961369333860375,0.0,0.6923076923076923,0.23076923076923078
8479992,5.133477346040307,0.0,Michael Rasmussen,3.0,4.0,20,1.711159115346769,0.0,0.25667386730201536,0.0,0.15,0.2
8479996,3.6588667370378958,0.0,Cody Glass,4.0,0.0,13,0.9147166842594739,0.0,0.2814512874644535,0.0,0.3076923076923077,0.0
8479998,1.194867432583122,0.0,Mikey Anderson,1.0,5.0,24,1.194867432583122,0.0,0.04978614302429674,0.0,0.041666666666666664,0.20833333333333334
8479999,3.193381540011613,0.0,Casey Mittelstadt,5.0,5.0,16,0.6386763080023226,0.0,0.1995863462507258,0.0,0.3125,0.3125
8480001,0.4613614771515121,0.0,Urho Vaakanainen,0.0,3.0,16,0.4613614771515121,0.0,0.028835092321969506,0.0,0.0,0.1875
8480002,10.213065656833347,0.0,Nico Hischier,9.0,13.0,24,1.134785072981483,0.0,0.42554440236805613,0.0,0.375,0.5416666666666666
8480003,3.2618596674874407,0.0,Jesper Boqvist,3.0,3.0,24,1.087286555829147,0.0,0.13591081947864336,0.0,0.125,0.125
8480009,5.575855552218852,0.0,Eeli Tolvanen,3.0,8.0,23,1.858618517406284,0.0,0.24242850227038487,0.0,0.13043478260869565,0.34782608695652173
8480012,9.197882187087085,0.0,Elias Pettersson,8.0,14.0,25,1.1497352733858857,0.0,0.3679152874834834,0.0,0.32,0.56
8480014,11.447376420721408,0.0,Gabriel Vilardi,10.0,9.0,23,1.144737642072141,0.0,0.49771201829223516,0.0,0.43478260869565216,0.391304347826087
8480015,7.926497028674926,0.0,Owen Tippett,6.0,8.0,23,1.3210828381124877,0.0,0.344630305594562,0.0,0.2608695652173913,0.34782608695652173
8480018,9.154185724444682,0.0,Nick Suzuki,7.0,20.0,23,1.3077408177778118,0.0,0.3980080749758557,0.0,0.30434782608695654,0.8695652173913043
8480023,4.1128089888952655,0.0,Robert Thomas,4.0,11.0,21,1.0282022472238164,0.0,0.19584804709025075,0.0,0.19047619047619047,0.5238095238095238
8480027,16.95304909627884,0.0,Jason Robertson,15.0,17.0,25,1.130203273085256,0.0,0.6781219638511535,0.0,0.6,0.68
8480028,8.230260406620797,0.0,Morgan Frost,6.0,8.0,26,1.3717100677701328,0.0,0.31654847717772294,0.0,0.23076923076923078,0.3076923076923077
8480035,1.2067410964518763,0.0,Henri Jokiharju,0.0,6.0,25,1.2067410964518763,0.0,0.048269643858075056,0.0,0.0,0.24
8480036,3.9156708195805505,0.0,Miro Heiskanen,3.0,19.0,25,1.30522360652685,0.0,0.156626832783222,0.0,0.12,0.76
8480039,10.601527907885608,0.0,Martin Necas,13.0,17.0,24,0.8155021467604313,0.0,0.44173032949523366,0.0,0.5416666666666666,0.7083333333333334
8480043,1.2514949459582554,0.0,Timothy Liljegren,0.0,4.0,19,1.2514949459582554,0.0,0.06586815505043449,0.0,0.0,0.21052631578947367
8480049,0.7761165462434281,0.0,Dylan Samberg,0.0,0.0,7,0.7761165462434281,0.0,0.11087379232048973,0.0,0.0,0.0
8480058,0.3949974440038198,0.0,P.O Joseph,0.0,1.0,9,0.3949974440038198,0.0,0.043888604889313315,0.0,0.0,0.1111111111111111
8480064,1.633284525945782,0.0,Josh Norris,0.0,0.0,1,1.633284525945782,0.0,1.633284525945782,0.0,0.0,0.0
8480068,3.833151743747292,0.0,Ryan Poehling,1.0,5.0,17,3.833151743747292,0.0,0.225479514338076,0.0,0.058823529411764705,0.29411764705882354
8480069,6.363332345150405,0.0,Cale Makar,9.0,22.0,24,0.7070369272389339,0.0,0.2651388477146002,0.0,0.375,0.9166666666666666
8480074,2.2156833168119183,0.0,Alexandre Texier,0.0,2.0,9,2.2156833168119183,0.0,0.24618703520132426,0.0,0.0,0.2222222222222222
8480078,2.2486429270356885,0.0,Filip Chytil,3.0,0.0,6,0.7495476423452295,0.0,0.37477382117261476,0.0,0.5,0.0
8480084,0.9150944268330925,0.0,Nick DeSimone,2.0,1.0,9,0.45754721341654625,0.0,0.10167715853701027,0.0,0.2222222222222222,0.1111111111111111
8480113,8.468112752772864,0.0,Alex Iafallo,4.0,4.0,23,2.117028188193216,0.0,0.3681788153379506,0.0,0.17391304347826086,0.17391304347826086
8480144,1.6214054683223362,0.0,David Kampf,0.0,0.0,5,1.6214054683223362,0.0,0.3242810936644672,0.0,0.0,0.0
8480145,1.555528454482552,0.0,Neal Pionk,1.0,4.0,21,1.555528454482552,0.0,0.07407278354678819,0.0,0.047619047619047616,0.19047619047619047
8480185,5.031181762460617,0.0,Eetu Luostarinen,3.0,7.0,18,1.6770605874868725,0.0,0.27951009791447873,0.0,0.16666666666666666,0.3888888888888889
8480188,6.6626492328941795,0.0,Fabian Zetterlund,4.0,3.0,24,1.6656623082235449,0.0,0.27761038470392413,0.0,0.16666666666666666,0.125
8480196,0.6699814051389688,0.0,Jacob Bryson,1.0,2.0,14,0.6699814051389688,0.0,0.047855814652783484,0.0,0.07142857142857142,0.14285714285714285
8480208,8.469559927470979,0.0,Drake Batherson,8.0,13.0,21,1.0586949909338723,0.0,0.40331237749861804,0.0,0.38095238095238093,0.6190476190476191
8480220,9.05949293170124,0.0,Noah Cates,5.0,8.0,23,1.811898586340248,0.0,0.3938909970304887,0.0,0.21739130434782608,0.34782608695652173
8480245,0.9562557684257624,0.0,Olle Lycksell,1.0,0.0,6,0.9562557684257624,0.0,0.15937596140429375,0.0,0.16666666666666666,0.0
8480246,1.7236532317474464,0.0,Nick Perbix,2.0,2.0,24,0.8618266158737232,0.0,0.0718188846561436,0.0,0.08333333333333333,0.08333333333333333
8480259,2.045145283453166,0.0,Ben Jones,0.0,0.0,13,2.045145283453166,0.0,0.15731886795793584,0.0,0.0,0.0
8480281,2.6059889467433086,0.0,Alexey Toropchenko,1.0,1.0,16,2.6059889467433086,0.0,0.1628743091714568,0.0,0.0625,0.0625
8480289,3.9237154573202115,0.0,Morgan Barron,3.0,3.0,17,1.3079051524400704,0.0,0.23080679160707127,0.0,0.17647058823529413,0.17647058823529413
8480336,3.717870838474478,0.0,Sean Walker,4.0,4.0,24,0.9294677096186195,0.0,0.15491128493643658,0.0,0.16666666666666666,0.16666666666666666
8480355,7.436421739403155,0.0,Mark Kastelic,4.0,4.0,26,1.8591054348507887,0.0,0.2860162207462752,0.0,0.15384615384615385,0.15384615384615385
8480426,1.5699755530804378,0.0,Charle-Edouard D'Astous,2.0,5.0,17,0.7849877765402189,0.0,0.09235150312237869,0.0,0.11764705882352941,0.29411764705882354
8480434,1.058886663056909,0.0,Sean Durzi,0.0,1.0,4,1.058886663056909,0.0,0.26472166576422723,0.0,0.0,0.25
8480448,5.282854622229931,0.0,Parker Kelly,5.0,6.0,24,1.0565709244459862,0.0,0.22011894259291379,0.0,0.20833333333333334,0.25
8480459,7.965376881882546,0.0,Pius Suter,6.0,6.0,25,1.327562813647091,0.0,0.3186150752753018,0.0,0.24,0.24
8480727,1.2601965814828855,0.0,Zach Whitecloud,0.0,3.0,24,1.2601965814828855,0.0,0.05250819089512023,0.0,0.0,0.125
8480748,10.227787787094707,0.0,Kiefer Sherwood,12.0,4.0,25,0.8523156489245589,0.0,0.40911151148378827,0.0,0.48,0.16
8480762,5.001614313572643,0.0,Eric Robinson,5.0,2.0,18,1.0003228627145286,0.0,0.2778674618651469,0.0,0.2777777777777778,0.1111111111111111
8480796,1.8493605069816086,0.0,Martin Fehrvry,2.0,6.0,25,0.9246802534908043,0.0,0.07397442027926435,0.0,0.08,0.24
8480797,7.831832282245156,0.0,Joel Farabee,7.0,6.0,26,1.1188331831778793,0.0,0.3012243185478906,0.0,0.2692307692307692,0.23076923076923078
8480798,5.563338213600215,0.0,Philipp Kurashev,6.0,7.0,23,0.9272230356000358,0.0,0.24188427015653108,0.0,0.2608695652173913,0.30434782608695654
8480800,4.049026935826981,0.0,Quinn Hughes,2.0,20.0,20,2.0245134679134904,0.0,0.20245134679134905,0.0,0.1,1.0
8480801,4.224969601724295,0.0,Brady Tkachuk,0.0,4.0,4,4.224969601724295,0.0,1.0562424004310738,0.0,0.0,1.0
8480802,4.74455556226894,0.0,Ryan McLeod,5.0,9.0,24,0.948911112453788,0.0,0.19768981509453917,0.0,0.20833333333333334,0.375
8480803,5.7846084358170575,0.0,Evan Bouchard,4.0,17.0,25,1.4461521089542644,0.0,0.2313843374326823,0.0,0.16,0.68
8480806,2.5125091588124624,0.0,Isac Lundestrm,0.0,2.0,24,2.5125091588124624,0.0,0.10468788161718594,0.0,0.0,0.08333333333333333
8480807,2.1845518602058265,0.0,Mattias Samuelsson,5.0,7.0,22,0.4369103720411653,0.0,0.09929781182753757,0.0,0.22727272727272727,0.3181818181818182
8480813,2.604137373156844,0.0,Joe Veleno,1.0,0.0,18,2.604137373156844,0.0,0.14467429850871355,0.0,0.05555555555555555,0.0
8480817,2.76433062041178,0.0,K'Andre Miller,2.0,9.0,18,1.38216531020589,0.0,0.15357392335621,0.0,0.1111111111111111,0.5
8480825,0.043744778260588604,0.0,Patrick Giles,0.0,1.0,3,0.043744778260588604,0.0,0.014581592753529535,0.0,0.0,0.3333333333333333
8480828,0.1251800619065759,0.0,Michael Callahan,0.0,0.0,3,0.1251800619065759,0.0,0.04172668730219197,0.0,0.0,0.0
8480829,2.6021646866574875,0.0,Jesperi Kotkaniemi,2.0,3.0,15,1.3010823433287437,0.0,0.17347764577716582,0.0,0.13333333333333333,0.2
8480830,11.277502984739835,0.0,Andrei Svechnikov,7.0,7.0,24,1.6110718549628336,0.0,0.4698959576974931,0.0,0.2916666666666667,0.2916666666666667
8480831,0.2600885038264087,0.0,Alec Regula,0.0,0.0,11,0.2600885038264087,0.0,0.023644409438764426,0.0,0.0,0.0
8480834,0.5185783645138135,0.0,Ty Emberson,1.0,3.0,20,0.5185783645138135,0.0,0.025928918225690673,0.0,0.05,0.15
8480835,5.7153813014738235,0.0,Jack Drury,4.0,5.0,24,1.4288453253684559,0.0,0.2381408875614093,0.0,0.16666666666666666,0.20833333333333334
8480839,4.852669016458089,0.0,Rasmus Dahlin,1.0,15.0,21,4.852669016458089,0.0,0.2310794769741947,0.0,0.047619047619047616,0.7142857142857143
8480840,2.4482458010315886,0.0,Oskar Bck,1.0,2.0,15,2.4482458010315886,0.0,0.16321638673543923,0.0,0.06666666666666667,0.13333333333333333
8480842,3.7486674198880774,0.0,Filip Hallander,1.0,3.0,13,3.7486674198880774,0.0,0.2883590322990829,0.0,0.07692307692307693,0.23076923076923078
8480848,5.238656562287359,0.0,Ty Dellandrea,2.0,6.0,25,2.6193282811436793,0.0,0.20954626249149436,0.0,0.08,0.24
8480849,6.571223375387488,0.0,Barrett Hayton,3.0,2.0,22,2.1904077917958293,0.0,0.2986919716085222,0.0,0.13636363636363635,0.09090909090909091
8480855,6.917282029055056,0.0,Jack McBain,2.0,3.0,25,3.458641014527528,0.0,0.27669128116220226,0.0,0.08,0.12
8480860,1.2767281113192421,0.0,Kevin Bahl,3.0,3.0,25,0.42557603710641406,0.0,0.05106912445276968,0.0,0.12,0.12
8480865,2.9315807088278194,0.0,Noah Dobson,3.0,13.0,23,0.9771935696092732,0.0,0.12746003081860086,0.0,0.13043478260869565,0.5652173913043478
8480871,0.1667936500161884,0.0,Adam Boqvist,0.0,1.0,10,0.1667936500161884,0.0,0.01667936500161884,0.0,0.0,0.1
8480873,1.5197555143386101,0.0,Rasmus Sandin,2.0,5.0,20,0.7598777571693051,0.0,0.07598777571693051,0.0,0.1,0.25
8480874,0.14015114959329342,0.0,Adam Ginning,0.0,0.0,5,0.14015114959329342,0.0,0.028030229918658684,0.0,0.0,0.0
8480876,1.8735864567570377,0.0,Curtis Douglas,0.0,2.0,18,1.8735864567570377,0.0,0.1040881364865021,0.0,0.0,0.1111111111111111
8480878,0.1729644099250433,0.0,Nils Lundkvist,1.0,2.0,4,0.1729644099250433,0.0,0.043241102481260826,0.0,0.25,0.5
8480879,0.921854340471326,0.0,Jacob Bernard-Docker,0.0,1.0,13,0.921854340471326,0.0,0.07091187234394815,0.0,0.0,0.07692307692307693
8480887,0.2407086547464126,0.0,Jordan Harris,1.0,1.0,5,0.2407086547464126,0.0,0.04814173094928252,0.0,0.2,0.2
8480891,0.7039059381932009,0.0,Michael Kesselring,0.0,0.0,9,0.7039059381932009,0.0,0.07821177091035565,0.0,0.0,0.0
8480893,11.03956838231533,0.0,Kirill Marchenko,8.0,14.0,22,1.3799460477894163,0.0,0.501798562832515,0.0,0.36363636363636365,0.6363636363636364
8480950,0.38963049184530874,0.0,Ilya Lyubushkin,0.0,4.0,17,0.38963049184530874,0.0,0.022919440696782867,0.0,0.0,0.23529411764705882
8480980,4.899256323929873,0.0,Connor Dewar,5.0,3.0,23,0.9798512647859747,0.0,0.21301114451869016,0.0,0.21739130434782608,0.13043478260869565
8480990,0.43337187636643587,0.0,Declan Chisholm,0.0,1.0,10,0.43337187636643587,0.0,0.043337187636643584,0.0,0.0,0.1
8480995,4.372270382940767,0.0,Pontus Holmberg,1.0,5.0,17,4.372270382940767,0.0,0.25719237546710394,0.0,0.058823529411764705,0.29411764705882354
8481006,0.739510096609591,0.0,Tyler Tucker,1.0,3.0,23,0.739510096609591,0.0,0.032152612896069174,0.0,0.043478260869565216,0.13043478260869565
8481013,2.500394562259315,0.0,Jonatan Berggren,2.0,4.0,14,1.2501972811296576,0.0,0.17859961158995108,0.0,0.14285714285714285,0.2857142857142857
8481014,0.6669174814596759,0.0,Alexander Romanov,0.0,1.0,15,0.6669174814596759,0.0,0.04446116543064506,0.0,0.0,0.06666666666666667
8481024,7.324205917306242,0.0,Linus Karlsson,4.0,4.0,22,1.8310514793265604,0.0,0.33291845078664734,0.0,0.18181818181818182,0.18181818181818182
8481032,4.780828219139946,0.0,Paul Cotter,2.0,4.0,24,2.390414109569973,0.0,0.19920117579749774,0.0,0.08333333333333333,0.16666666666666666
8481043,2.6702126711606966,0.0,Cole Koepke,0.0,2.0,16,2.6702126711606966,0.0,0.16688829194754354,0.0,0.0,0.125
8481056,0.9890801841393092,0.0,Spencer Stastney,1.0,6.0,24,0.9890801841393092,0.0,0.04121167433913788,0.0,0.041666666666666664,0.25
8481068,6.491443791426716,0.0,Yegor Sharangovich,3.0,4.0,22,2.1638145971422387,0.0,0.2950656268830325,0.0,0.13636363636363635,0.18181818181818182
8481122,1.0704583786427964,0.0,Simon Benoit,0.0,2.0,23,1.0704583786427964,0.0,0.04654166863664332,0.0,0.0,0.08695652173913043
8481133,1.8025042535737148,0.0,Cole Reinhardt,1.0,2.0,16,1.8025042535737148,0.0,0.11265651584835717,0.0,0.0625,0.125
8481161,0.5305635435506689,0.0,Jake Christiansen,0.0,1.0,19,0.5305635435506689,0.0,0.027924397028982573,0.0,0.0,0.05263157894736842
8481167,0.6931556779891239,0.0,Brayden Pachal,0.0,3.0,19,0.6931556779891239,0.0,0.03648187778890126,0.0,0.0,0.15789473684210525
8481178,0.2622733628377311,0.0,Egor Zamula,0.0,1.0,10,0.2622733628377311,0.0,0.026227336283773113,0.0,0.0,0.1
8481219,0.5059142876416435,0.0,Jonathan Aspirot,0.0,0.0,13,0.5059142876416435,0.0,0.038916483664741805,0.0,0.0,0.0
8481237,1.222466425970196,0.0,Kyle MacLean,0.0,1.0,11,1.222466425970196,0.0,0.11113331145183601,0.0,0.0,0.09090909090909091
8481477,1.5822282768785947,0.0,Nico Sturm,1.0,0.0,3,1.5822282768785947,0.0,0.5274094256261982,0.0,0.3333333333333333,0.0
8481481,3.818831061478702,0.0,Blake Lizotte,3.0,1.0,23,1.2729436871595674,0.0,0.16603613310776966,0.0,0.13043478260869565,0.043478260869565216
8481491,1.2975474549457424,0.0,Noah Philp,2.0,1.0,15,0.6487737274728712,0.0,0.0865031636630495,0.0,0.13333333333333333,0.06666666666666667
8481522,4.456326173618434,0.0,Peyton Krebs,0.0,6.0,24,4.456326173618434,0.0,0.18568025723410142,0.0,0.0,0.25
8481523,3.999506366439162,0.0,Kirby Dach,5.0,2.0,15,0.7999012732878323,0.0,0.2666337577626108,0.0,0.3333333333333333,0.13333333333333333
8481524,4.910318656824526,0.0,Bowen Byram,4.0,7.0,24,1.2275796642061314,0.0,0.2045966107010219,0.0,0.16666666666666666,0.2916666666666667
8481525,0.9543016608804447,0.0,Matthew Robertson,1.0,1.0,17,0.9543016608804447,0.0,0.056135391816496745,0.0,0.058823529411764705,0.058823529411764705
8481527,1.5024852687492947,0.0,Kaedan Korczak,2.0,1.0,24,0.7512426343746473,0.0,0.06260355286455395,0.0,0.08333333333333333,0.041666666666666664
8481528,8.37594901397824,0.0,Dylan Cozens,8.0,8.0,24,1.04699362674728,0.0,0.3489978755824266,0.0,0.3333333333333333,0.3333333333333333
8481532,4.427680192515253,0.0,Alex Turcotte,1.0,3.0,23,4.427680192515253,0.0,0.19250783445718492,0.0,0.043478260869565216,0.13043478260869565
8481533,9.47122476622462,0.0,Trevor Zegras,8.0,14.0,23,1.1839030957780774,0.0,0.41179238114020084,0.0,0.34782608695652173,0.6086956521739131
8481540,12.004189805127675,0.0,Cole Caufield,14.0,11.0,23,0.8574421289376911,0.0,0.5219212958751163,0.0,0.6086956521739131,0.4782608695652174
8481542,3.1913094613701056,0.0,Moritz Seider,3.0,13.0,25,1.0637698204567019,0.0,0.12765237845480423,0.0,0.12,0.52
8481546,1.8364058146253213,0.0,Cam York,1.0,10.0,20,1.8364058146253213,0.0,0.09182029073126606,0.0,0.05,0.5
8481553,7.050261587137354,0.0,Bobby Brink,6.0,4.0,23,1.1750435978562257,0.0,0.30653311248423276,0.0,0.2608695652173913,0.17391304347826086
8481554,2.1180026661604634,0.0,Kaapo Kakko,1.0,0.0,7,2.1180026661604634,0.0,0.30257180945149476,0.0,0.14285714285714285,0.0
8481556,1.8386028930544844,0.0,John Beecher,1.0,1.0,11,1.8386028930544844,0.0,0.16714571755040766,0.0,0.09090909090909091,0.09090909090909091
8481557,15.073949138168238,0.0,Matt Boldy,14.0,14.0,25,1.0767106527263028,0.0,0.6029579655267295,0.0,0.56,0.56
8481559,7.366971538402136,0.0,Jack Hughes,10.0,10.0,17,0.7366971538402136,0.0,0.4333512669648315,0.0,0.5882352941176471,0.5882352941176471
8481560,0.4463928872719404,0.0,Arthur Kaliyev,0.0,1.0,2,0.4463928872719404,0.0,0.2231964436359702,0.0,0.0,0.5
8481562,0.0546997664496301,0.0,Domenick Fensore,0.0,0.0,1,0.0546997664496301,0.0,0.0546997664496301,0.0,0.0,0.0
8481563,0.9185239616781457,0.0,Drew Helleson,2.0,7.0,24,0.4592619808390728,0.0,0.0382718317365894,0.0,0.08333333333333333,0.2916666666666667
8481564,0.0247065294533967,0.0,Ryan Johnson,0.0,0.0,3,0.0247065294533967,0.0,0.0082355098177989,0.0,0.0,0.0
8481568,1.1404168487060793,0.0,Alex Vlasic,2.0,3.0,23,0.5702084243530396,0.0,0.049583341248090405,0.0,0.08695652173913043,0.13043478260869565
8481577,1.6025766460224982,0.0,Philip Tomasino,0.0,1.0,9,1.6025766460224982,0.0,0.17806407178027758,0.0,0.0,0.1111111111111111
8481580,8.990253111347553,0.0,Connor McMichael,4.0,10.0,25,2.247563277836888,0.0,0.3596101244539021,0.0,0.16,0.4
8481581,1.6763939866796118,0.0,Thomas Harley,1.0,9.0,18,1.6763939866796118,0.0,0.09313299925997844,0.0,0.05555555555555555,0.5
8481582,4.693392615765331,0.0,Nicholas Robertson,5.0,6.0,23,0.9386785231530663,0.0,0.20406054851153616,0.0,0.21739130434782608,0.2608695652173913
8481591,0.22442014236003122,0.0,Sam Poulin,0.0,0.0,2,0.22442014236003122,0.0,0.11221007118001561,0.0,0.0,0.0
8481592,0.239469302818179,0.0,Jakob Pelletier,0.0,0.0,1,0.239469302818179,0.0,0.239469302818179,0.0,0.0,0.0
8481593,0.7701000403612844,0.0,Jayden Struble,0.0,4.0,19,0.7701000403612844,0.0,0.04053158107164655,0.0,0.0,0.21052631578947367
8481596,11.828869833610948,0.0,Shane Pinto,12.0,6.0,24,0.9857391528009124,0.0,0.4928695764004562,0.0,0.5,0.25
8481598,3.0605148561298816,0.0,Philip Broberg,2.0,7.0,25,1.5302574280649408,0.0,0.12242059424519526,0.0,0.08,0.28
8481601,5.3479148596525174,0.0,Simon Holmstrom,4.0,5.0,24,1.3369787149131294,0.0,0.2228297858188549,0.0,0.16666666666666666,0.20833333333333334
8481604,12.209464903455222,0.0,Pavel Dorofeyev,11.0,5.0,24,1.1099513548595656,0.0,0.5087277043106343,0.0,0.4583333333333333,0.20833333333333334
8481605,4.469126458279784,0.0,Jackson LaCombe,3.0,11.0,24,1.4897088194265946,0.0,0.18621360242832433,0.0,0.125,0.4583333333333333
8481606,2.258003996685145,0.0,Jordan Spence,1.0,7.0,15,2.258003996685145,0.0,0.15053359977900968,0.0,0.06666666666666667,0.4666666666666667
8481607,1.2658870108425595,0.0,Albert Johansson,0.0,2.0,25,1.2658870108425595,0.0,0.05063548043370238,0.0,0.0,0.08
8481609,0.2677186746150252,0.0,Vladislav Kolyachonok,1.0,1.0,6,0.2677186746150252,0.0,0.0446197791025042,0.0,0.16666666666666666,0.16666666666666666
8481617,5.697662704624233,0.0,Vasily Podkolzin,4.0,6.0,25,1.4244156761560582,0.0,0.22790650818496933,0.0,0.16,0.24
8481618,3.2732403648551536,0.0,Alex Newhook,6.0,6.0,17,0.5455400608091923,0.0,0.19254355087383257,0.0,0.35294117647058826,0.35294117647058826
8481624,5.281672632321713,0.0,Ilya Mikheyev,4.0,3.0,22,1.3204181580804282,0.0,0.24007602874189604,0.0,0.18181818181818182,0.13636363636363635
8481641,1.6641078330576413,0.0,Joel Kiviranta,1.0,0.0,7,1.6641078330576413,0.0,0.2377296904368059,0.0,0.14285714285714285,0.0
8481655,1.1496006380766626,0.0,Cole Schwindt,2.0,0.0,10,0.5748003190383313,0.0,0.11496006380766625,0.0,0.2,0.0
8481656,8.172072661109265,0.0,Aliaksei Protas,6.0,9.0,25,1.3620121101848774,0.0,0.3268829064443706,0.0,0.24,0.36
8481704,1.4553676224313667,0.0,Juuso Parssinen,2.0,1.0,14,0.7276838112156834,0.0,0.10395483017366905,0.0,0.14285714285714285,0.07142857142857142
8481711,2.372597476467489,0.0,Matias Maccelli,4.0,5.0,22,0.5931493691168722,0.0,0.10784533983943131,0.0,0.18181818181818182,0.22727272727272727
8481712,0.41750992834568,0.0,Matj  Blmel,0.0,0.0,4,0.41750992834568,0.0,0.10437748208642,0.0,0.0,0.0
8481716,12.085642033838663,0.0,Dmitri Voronkov,9.0,9.0,25,1.3428491148709627,0.0,0.4834256813535465,0.0,0.36,0.36
8481719,0.9049564180895674,0.0,Max Crozier,0.0,3.0,8,0.9049564180895674,0.0,0.11311955226119592,0.0,0.0,0.375
8481721,6.30657389905536,0.0,Arseny Gritsyuk,6.0,6.0,24,1.05109564984256,0.0,0.26277391246064,0.0,0.25,0.25
8481725,3.0717053320258842,0.0,Elmer Soderblom,1.0,0.0,12,3.0717053320258842,0.0,0.25597544433549035,0.0,0.08333333333333333,0.0
8481726,2.8291544606909143,0.0,Adam Edstrom,2.0,2.0,23,1.4145772303454571,0.0,0.12300671568221366,0.0,0.08695652173913043,0.08695652173913043
8481754,2.6111735613085316,0.0,Nikita Nesterenko,1.0,7.0,22,2.6111735613085316,0.0,0.11868970733220598,0.0,0.045454545454545456,0.3181818181818182
8481789,2.0020829793065773,0.0,Tye Kartye,2.0,2.0,23,1.0010414896532887,0.0,0.08704708605680771,0.0,0.08695652173913043,0.08695652173913043
8481806,1.2846244443207955,0.0,Louis Crevier,2.0,8.0,23,0.6423122221603977,0.0,0.0558532367095998,0.0,0.08695652173913043,0.34782608695652173
8481848,0.34184180945157994,0.0,Jacob Gaucher,0.0,0.0,3,0.34184180945157994,0.0,0.11394726981719332,0.0,0.0,0.0
8482055,5.059797192923722,0.0,Drew O'Connor,7.0,4.0,25,0.7228281704176746,0.0,0.20239188771694888,0.0,0.28,0.16
8482062,2.914255518466233,0.0,Cole Smith,3.0,0.0,13,0.9714185061554109,0.0,0.22417350142047945,0.0,0.23076923076923078,0.0
8482070,1.650582780130207,0.0,Mitchell Chaffee,0.0,0.0,7,1.650582780130207,0.0,0.235797540018601,0.0,0.0,0.0
8482072,0.35304875858128065,0.0,Jack Ahcan,0.0,1.0,6,0.35304875858128065,0.0,0.05884145976354677,0.0,0.0,0.16666666666666666
8482073,1.4882631911896147,0.0,Braden Schneider,1.0,4.0,26,1.4882631911896147,0.0,0.05724089196883134,0.0,0.038461538461538464,0.15384615384615385
8482074,5.386704358039421,0.0,Connor Zary,2.0,2.0,24,2.6933521790197106,0.0,0.2244460149183092,0.0,0.08333333333333333,0.08333333333333333
8482077,7.3584918021224395,0.0,Dylan Holloway,6.0,6.0,25,1.22641530035374,0.0,0.2943396720848976,0.0,0.24,0.24
8482078,7.57855647988617,0.0,Lucas Raymond,7.0,19.0,23,1.0826509256980243,0.0,0.32950245564722475,0.0,0.30434782608695654,0.8260869565217391
8482079,5.204963511787353,0.0,Marco Rossi,4.0,9.0,17,1.3012408779468383,0.0,0.30617432422278545,0.0,0.23529411764705882,0.5294117647058824
8482087,0.2814675746485587,0.0,Kaiden Guhle,1.0,1.0,5,0.2814675746485587,0.0,0.05629351492971174,0.0,0.2,0.2
8482088,4.569171825423834,0.0,Justin Sourdif,3.0,3.0,25,1.523057275141278,0.0,0.18276687301695335,0.0,0.12,0.12
8482089,6.1756524052470905,0.0,Jake Neighbours,6.0,3.0,13,1.029275400874515,0.0,0.475050185019007,0.0,0.46153846153846156,0.23076923076923078
8482090,1.7884248606860633,0.0,Jack Finley,1.0,1.0,9,1.7884248606860633,0.0,0.1987138734095626,0.0,0.1111111111111111,0.1111111111111111
8482092,6.072622197214511,0.0,Ridly Greig,2.0,6.0,19,3.0363110986072557,0.0,0.3196116945902374,0.0,0.10526315789473684,0.3157894736842105
8482093,14.241182025289158,0.0,Seth Jarvis,15.0,7.0,24,0.9494121350192771,0.0,0.5933825843870483,0.0,0.625,0.2916666666666667
8482094,0.1220901021733878,0.0,Daemon Hunt,0.0,1.0,7,0.1220901021733878,0.0,0.017441443167626827,0.0,0.0,0.14285714285714285
8482095,1.0759300524368856,0.0,Tyler Kleven,0.0,2.0,22,1.0759300524368856,0.0,0.04890591147440389,0.0,0.0,0.09090909090909091
8482097,8.212854569312181,0.0,Jack Quinn,6.0,7.0,24,1.3688090948853635,0.0,0.3422022737213409,0.0,0.25,0.2916666666666667
8482100,2.8814603555947507,0.0,Alexander Nikishin,3.0,6.0,23,0.9604867851982503,0.0,0.1252808850258587,0.0,0.13043478260869565,0.2608695652173913
8482103,2.993294632993637,0.0,Ozzy Wiesblatt,0.0,3.0,21,2.993294632993637,0.0,0.14253783966636369,0.0,0.0,0.14285714285714285
8482105,4.026482149958605,0.0,Jake Sanderson,4.0,15.0,24,1.0066205374896513,0.0,0.16777008958160855,0.0,0.16666666666666666,0.625
8482109,8.116903710644689,0.0,Alexis Lafrenire,6.0,8.0,26,1.352817285107448,0.0,0.31218860425556494,0.0,0.23076923076923078,0.3076923076923077
8482110,8.784909311216321,0.0,Dawson Mercer,9.0,9.0,24,0.9761010345795912,0.0,0.3660378879673467,0.0,0.375,0.375
8482111,1.6991257248446334,0.0,Justin Barron,0.0,4.0,19,1.6991257248446334,0.0,0.08942766972866492,0.0,0.0,0.21052631578947367
8482113,7.778907510451969,0.0,Anton Lundell,6.0,13.0,24,1.2964845850753282,0.0,0.32412114626883204,0.0,0.25,0.5416666666666666
8482116,9.515750665217634,0.0,Tim Sttzle,11.0,12.0,24,0.8650682422925122,0.0,0.39648961105073477,0.0,0.4583333333333333,0.5
8482117,2.9098356440663324,0.0,Lukas Reichel,2.0,3.0,19,1.4549178220331662,0.0,0.1531492444245438,0.0,0.10526315789473684,0.15789473684210525
8482118,0.407684840261936,0.0,Sam Colangelo,1.0,0.0,7,0.407684840261936,0.0,0.05824069146599086,0.0,0.14285714285714285,0.0
8482122,3.426910992711778,0.0,Brock Faber,6.0,9.0,25,0.5711518321186296,0.0,0.1370764397084711,0.0,0.24,0.36
8482124,8.350617598742243,0.0,Quinton Byfield,4.0,14.0,24,2.0876543996855608,0.0,0.34794239994759346,0.0,0.16666666666666666,0.5833333333333334
8482125,1.9922362500801674,0.0,Alexander Holtz,0.0,0.0,7,1.9922362500801674,0.0,0.28460517858288104,0.0,0.0,0.0
8482126,1.5874273618683201,0.0,Emil Andrae,1.0,5.0,13,1.5874273618683201,0.0,0.12210979706679385,0.0,0.07692307692307693,0.38461538461538464
8482131,0.2664800062775604,0.0,Donovan Sebrango,0.0,2.0,10,0.2664800062775604,0.0,0.02664800062775604,0.0,0.0,0.2
8482132,1.6331883175298567,0.0,Brett Berard,0.0,0.0,3,1.6331883175298567,0.0,0.5443961058432856,0.0,0.0,0.0
8482142,2.1478582220151994,0.0,Jamie Drysdale,2.0,8.0,23,1.0739291110075997,0.0,0.09338514008761736,0.0,0.08695652173913043,0.34782608695652173
8482145,5.499859857372937,0.0,Mavrik Bourque,3.0,5.0,25,1.8332866191243122,0.0,0.2199943942949175,0.0,0.12,0.2
8482146,7.203507374506439,0.0,Luke Evangelista,3.0,12.0,23,2.4011691248354796,0.0,0.3131959728046278,0.0,0.13043478260869565,0.5217391304347826
8482148,3.9455014802515493,0.0,Hendrix Lapierre,0.0,5.0,24,3.9455014802515493,0.0,0.1643958950104812,0.0,0.0,0.20833333333333334
8482149,3.8175608487799746,0.0,Cole Perfetti,1.0,2.0,9,3.8175608487799746,0.0,0.4241734276422194,0.0,0.1111111111111111,0.2222222222222222
8482155,7.381682518403973,0.0,Alex Laferriere,6.0,5.0,24,1.2302804197339954,0.0,0.30757010493349884,0.0,0.25,0.20833333333333334
8482157,9.185412581544364,0.0,Will Cuylle,7.0,8.0,26,1.3122017973634805,0.0,0.3532850992901678,0.0,0.2692307692307692,0.3076923076923077
8482159,4.409197856672106,0.0,Tyson Foerster,9.0,3.0,19,0.4899108729635674,0.0,0.2320630450880056,0.0,0.47368421052631576,0.15789473684210525
8482165,0.8702188162133087,0.0,Yan Kuznetsov,1.0,2.0,12,0.8702188162133087,0.0,0.07251823468444239,0.0,0.08333333333333333,0.16666666666666666
8482166,0.4386931704357257,0.0,Shakir Mukhamadullin,1.0,4.0,12,0.4386931704357257,0.0,0.03655776420297714,0.0,0.08333333333333333,0.3333333333333333
8482172,1.3519579023122783,0.0,Landon Slaggert,1.0,0.0,10,1.3519579023122783,0.0,0.13519579023122782,0.0,0.1,0.0
8482175,6.20225994242355,0.0,JJ Peterka,9.0,7.0,25,0.6891399936026166,0.0,0.248090397696942,0.0,0.36,0.28
8482176,2.038715260103343,0.0,Wyatt Kaiser,0.0,4.0,24,2.038715260103343,0.0,0.08494646917097264,0.0,0.0,0.16666666666666666
8482177,4.089349759742616,0.0,Marat Khusnutdinov,3.0,3.0,21,1.3631165865808719,0.0,0.19473094094012455,0.0,0.14285714285714285,0.14285714285714285
8482178,1.5137704992666825,0.0,Ian Moore,2.0,1.0,15,0.7568852496333413,0.0,0.1009180332844455,0.0,0.13333333333333333,0.06666666666666667
8482201,2.9283607220277177,0.0,Gage Goncalves,2.0,4.0,24,1.4641803610138588,0.0,0.12201503008448823,0.0,0.08333333333333333,0.16666666666666666
8482206,0.3838640600442884,0.0,Ethan Cardwell,1.0,0.0,4,0.3838640600442884,0.0,0.0959660150110721,0.0,0.25,0.0
8482209,0.8018230721354481,0.0,Rory Kerins,0.0,0.0,2,0.8018230721354481,0.0,0.40091153606772406,0.0,0.0,0.0
8482245,1.5668808082118608,0.0,Artem Zub,2.0,8.0,24,0.7834404041059304,0.0,0.06528670034216087,0.0,0.08333333333333333,0.3333333333333333
8482259,5.468279052525755,0.0,Bobby McMann,5.0,3.0,24,1.093655810505151,0.0,0.22784496052190648,0.0,0.20833333333333334,0.125
8482408,2.977614678442477,0.0,Jeff Malott,2.0,0.0,17,1.4888073392212384,0.0,0.17515380461426333,0.0,0.11764705882352941,0.0
8482460,1.554094865918159,0.0,Matt Rempe,1.0,0.0,9,1.554094865918159,0.0,0.17267720732423988,0.0,0.1111111111111111,0.0
8482470,0.3483706377446642,0.0,Ilya Solovyov,0.0,0.0,9,0.3483706377446642,0.0,0.03870784863829602,0.0,0.0,0.0
8482475,3.4295898582786304,0.0,Yegor Chinakhov,2.0,2.0,19,1.7147949291393152,0.0,0.18050472938308582,0.0,0.10526315789473684,0.10526315789473684
8482476,8.951353327371177,0.0,Emil Heineman,10.0,6.0,25,0.8951353327371177,0.0,0.35805413309484707,0.0,0.4,0.24
8482482,1.3767415983602391,0.0,Adam Wilsby,0.0,2.0,15,1.3767415983602391,0.0,0.09178277322401594,0.0,0.0,0.13333333333333333
8482496,0.0720603838562965,0.0,Nils Aman,0.0,0.0,2,0.0720603838562965,0.0,0.03603019192814825,0.0,0.0,0.0
8482511,1.3793527381494621,0.0,Mason Lohrei,2.0,8.0,21,0.6896763690747311,0.0,0.06568346372140296,0.0,0.09523809523809523,0.38095238095238093
8482516,0.7538255471736186,0.0,Matthew Kessel,2.0,0.0,14,0.3769127735868093,0.0,0.053844681940972756,0.0,0.14285714285714285,0.0
8482623,2.7240281291306014,0.0,Josh Dunne,1.0,1.0,16,2.7240281291306014,0.0,0.1702517580706626,0.0,0.0625,0.0625
8482624,0.0094304559752345,0.0,Daniil Miromanov,0.0,0.0,1,0.0094304559752345,0.0,0.0094304559752345,0.0,0.0,0.0
8482634,2.4591051191091524,0.0,Alex Steeves,3.0,1.0,10,0.8197017063697175,0.0,0.24591051191091523,0.0,0.3,0.1
8482655,2.2216616821824555,0.0,J.J. Moser,1.0,6.0,22,2.2216616821824555,0.0,0.10098462191738435,0.0,0.045454545454545456,0.2727272727272727
8482659,11.57186900451779,0.0,Josh Doan,7.0,8.0,24,1.6531241435025414,0.0,0.48216120852157457,0.0,0.2916666666666667,0.3333333333333333
8482660,5.690312325488773,0.0,Kent Johnson,2.0,3.0,24,2.8451561627443867,0.0,0.23709634689536555,0.0,0.08333333333333333,0.125
8482665,7.685867604799565,0.0,Matty Beniers,3.0,11.0,23,2.5619558682665216,0.0,0.3341681567304159,0.0,0.13043478260869565,0.4782608695652174
8482666,0.2476631994359188,0.0,Scott Morrow,0.0,1.0,4,0.2476631994359188,0.0,0.0619157998589797,0.0,0.0,0.25
8482667,8.370694267563518,0.0,William Eklund,6.0,9.0,21,1.3951157112605863,0.0,0.3986044889315961,0.0,0.2857142857142857,0.42857142857142855
8482671,2.5177702577784626,0.0,Owen Power,2.0,5.0,23,1.2588851288892313,0.0,0.10946827207732446,0.0,0.08695652173913043,0.21739130434782608
8482679,10.356933134607965,0.0,Matt Coronato,8.0,6.0,25,1.2946166418259957,0.0,0.4142773253843186,0.0,0.32,0.24
8482684,4.055882336571808,0.0,Luke Hughes,1.0,13.0,24,4.055882336571808,0.0,0.16899509735715867,0.0,0.041666666666666664,0.5416666666666666
8482691,4.450749739073214,0.0,Aatu Raty,1.0,5.0,22,4.450749739073214,0.0,0.20230680632150974,0.0,0.045454545454545456,0.22727272727272727
8482698,0.07861956954002369,0.0,Tristan Broz,0.0,0.0,1,0.07861956954002369,0.0,0.07861956954002369,0.0,0.0,0.0
8482699,11.097881590947503,0.0,Dylan Guenther,9.0,10.0,25,1.2330979545497227,0.0,0.4439152636379001,0.0,0.36,0.4
8482702,8.568655597977337,0.0,Logan Stankoven,5.0,6.0,24,1.7137311195954674,0.0,0.357027316582389,0.0,0.20833333333333334,0.25
8482703,5.3038545027375195,0.0,Colton Dach,2.0,3.0,24,2.6519272513687597,0.0,0.2209939376140633,0.0,0.08333333333333333,0.125
8482705,6.105626430828121,0.0,Cole Sillinger,2.0,7.0,24,3.0528132154140604,0.0,0.25440110128450505,0.0,0.08333333333333333,0.2916666666666667
8482713,7.51511572138406,0.0,Mackie Samoskevich,3.0,9.0,24,2.5050385737946868,0.0,0.31312982172433584,0.0,0.125,0.375
8482720,10.051092939451333,0.0,Matthew Knies,6.0,18.0,21,1.6751821565752223,0.0,0.47862347330720634,0.0,0.2857142857142857,0.8571428571428571
8482726,0.4342645332217215,0.0,Samuel Helenius,0.0,0.0,3,0.4342645332217215,0.0,0.14475484440724048,0.0,0.0,0.0
8482730,3.5166544010862673,0.0,Brandt Clarke,3.0,9.0,24,1.1722181336954225,0.0,0.1465272667119278,0.0,0.125,0.375
8482733,0.8316628439351905,0.0,Logan Mailloux,0.0,1.0,12,0.8316628439351905,0.0,0.06930523699459921,0.0,0.0,0.08333333333333333
8482737,6.634918798692522,0.0,Zack Bolduc,6.0,6.0,23,1.1058197997820869,0.0,0.28847473037793575,0.0,0.2608695652173913,0.2608695652173913
8482740,13.422566847875709,0.0,Wyatt Johnston,13.0,13.0,25,1.0325051421442852,0.0,0.5369026739150283,0.0,0.52,0.52
8482745,10.182125764433291,0.0,Mason McTavish,5.0,12.0,24,2.0364251528866584,0.0,0.42425524018472044,0.0,0.20833333333333334,0.5
8482747,0.0602016858756542,0.0,Brennan Othmann,0.0,0.0,1,0.0602016858756542,0.0,0.0602016858756542,0.0,0.0,0.0
8482749,0.1328662503510712,0.0,Joshua Roy,0.0,0.0,3,0.1328662503510712,0.0,0.04428875011702373,0.0,0.0,0.0
8482751,2.3226877627894265,0.0,Ryan Winterton,2.0,2.0,23,1.1613438813947132,0.0,0.1009864244691055,0.0,0.08695652173913043,0.08695652173913043
8482758,3.134041205979883,0.0,Ville Koivunen,0.0,2.0,13,3.134041205979883,0.0,0.2410800927676833,0.0,0.0,0.15384615384615385
8482762,1.876537845470009,0.0,Simon Edvinsson,3.0,4.0,22,0.6255126151566697,0.0,0.08529717479409132,0.0,0.13636363636363635,0.18181818181818182
8482765,2.0913802897557607,0.0,Isak Rosen,3.0,4.0,10,0.6971267632519202,0.0,0.20913802897557607,0.0,0.3,0.4
8482768,3.834427895024417,0.0,Fedor Svechkov,1.0,2.0,22,3.834427895024417,0.0,0.1742921770465644,0.0,0.045454545454545456,0.09090909090909091
8482775,6.942369102500376,0.0,Oliver Kapanen,7.0,5.0,23,0.991767014642911,0.0,0.3018421348913207,0.0,0.30434782608695654,0.21739130434782608
8482785,0.1106261610984801,0.0,Justin Robidas,0.0,1.0,2,0.1106261610984801,0.0,0.05531308054924005,0.0,0.0,0.5
8482787,0.6313917879015205,0.0,Nikita Chibrikov,0.0,0.0,8,0.6313917879015205,0.0,0.07892397348769006,0.0,0.0,0.0
8482803,3.684077645186331,0.0,Olen Zellweger,4.0,5.0,24,0.9210194112965827,0.0,0.15350323521609713,0.0,0.16666666666666666,0.20833333333333334
8482807,0.0146995456889271,0.0,Ethan Del Mastro,0.0,0.0,1,0.0146995456889271,0.0,0.0146995456889271,0.0,0.0,0.0
8482809,12.64431920764036,0.0,Jackson Blake,6.0,9.0,24,2.1073865346067264,0.0,0.5268466336516816,0.0,0.25,0.375
8482858,0.4443795448169104,0.0,Ryker Evans,2.0,4.0,10,0.2221897724084552,0.0,0.044437954481691036,0.0,0.2,0.4
8482859,1.0080993231385944,0.0,Zack Ostapchuk,0.0,0.0,7,1.0080993231385944,0.0,0.1440141890197992,0.0,0.0,0.0
8482861,0.0882590124383568,0.0,Vincent Iorio,0.0,0.0,7,0.0882590124383568,0.0,0.012608430348336684,0.0,0.0,0.0
8482877,0.9598651602864263,0.0,Jaroslav Chmelar,0.0,0.0,2,0.9598651602864263,0.0,0.47993258014321316,0.0,0.0,0.0
8482896,2.331585128791629,0.0,Tyson Kozak,2.0,2.0,18,1.1657925643958145,0.0,0.1295325071550905,0.0,0.1111111111111111,0.1111111111111111
8482911,1.1072385516017658,0.0,Joel Nystrom,0.0,3.0,18,1.1072385516017658,0.0,0.06151325286676476,0.0,0.0,0.16666666666666666
8482929,1.714860677719114,0.0,Emil Lilleberg,2.0,3.0,24,0.857430338859557,0.0,0.07145252823829641,0.0,0.08333333333333333,0.125
8482947,1.7631784165278066,0.0,Zakhar Bardakov,1.0,4.0,19,1.7631784165278066,0.0,0.0927988640277793,0.0,0.05263157894736842,0.21052631578947367
8482953,0.3685219641774891,0.0,Taylor Makar,0.0,0.0,3,0.3685219641774891,0.0,0.12284065472582971,0.0,0.0,0.0
8482964,0.6121678045019497,0.0,Arber Xhekaj,0.0,1.0,21,0.6121678045019497,0.0,0.02915084783342618,0.0,0.0,0.047619047619047616
8483039,0.33068939391523566,0.0,Tristen Nielsen,0.0,1.0,4,0.33068939391523566,0.0,0.08267234847880892,0.0,0.0,0.25
8483395,1.884297984768636,0.0,Arshdeep Bains,0.0,3.0,20,1.884297984768636,0.0,0.0942148992384318,0.0,0.0,0.15
8483398,0.2925464920699594,0.0,Declan Carlile,1.0,0.0,6,0.2925464920699594,0.0,0.04875774867832657,0.0,0.16666666666666666,0.0
8483424,0.0931710824370383,0.0,Owen Beck,0.0,0.0,2,0.0931710824370383,0.0,0.04658554121851915,0.0,0.0,0.0
8483425,0.725138990208506,0.0,Lian Bichsel,1.0,2.0,25,0.725138990208506,0.0,0.02900555960834024,0.0,0.04,0.08
8483429,0.1546348500996825,0.0,Seamus Casey,0.0,0.0,2,0.1546348500996825,0.0,0.07731742504984125,0.0,0.0,0.0
8483431,9.706888580694791,0.0,Logan Cooley,14.0,9.0,25,0.6933491843353422,0.0,0.3882755432277916,0.0,0.56,0.36
8483432,0.9991940185427661,0.0,Luca Del Bel Belluz,0.0,1.0,7,0.9991940185427661,0.0,0.14274200264896658,0.0,0.0,0.14285714285714285
8483433,0.652051671408116,0.0,Jack Devine,0.0,0.0,5,0.652051671408116,0.0,0.1304103342816232,0.0,0.0,0.0
8483445,9.752505859360092,0.0,Cutter Gauthier,14.0,14.0,24,0.6966075613828637,0.0,0.4063544108066705,0.0,0.5833333333333334,0.5833333333333334
8483447,0.44185067340731593,0.0,Conor Geekie,0.0,1.0,6,0.44185067340731593,0.0,0.07364177890121933,0.0,0.0,0.16666666666666666
8483450,4.6169254323467595,0.0,Ryan Greene,3.0,4.0,24,1.5389751441155866,0.0,0.19237189301444832,0.0,0.125,0.16666666666666666
8483455,2.3025898830965144,0.0,Isaac Howard,2.0,1.0,17,1.1512949415482572,0.0,0.13544646371155966,0.0,0.11764705882352941,0.058823529411764705
8483457,4.122066670097408,0.0,Lane Hutson,3.0,16.0,23,1.3740222233658026,0.0,0.17922029000423514,0.0,0.13043478260869565,0.6956521739130435
8483460,0.610772195272147,0.0,David Jiricek,0.0,0.0,12,0.610772195272147,0.0,0.05089768293934558,0.0,0.0,0.0
8483464,5.964704709011127,0.0,Marco Kasper,3.0,0.0,25,1.9882349030037092,0.0,0.2385881883604451,0.0,0.12,0.0
8483465,0.044711623340845,0.0,Joakim Kemell,0.0,0.0,2,0.044711623340845,0.0,0.0223558116704225,0.0,0.0,0.0
8483468,2.882944289594888,0.0,Jiri Kulich,3.0,2.0,12,0.9609814298649626,0.0,0.24024535746624065,0.0,0.25,0.16666666666666666
8483471,0.26309565920382727,0.0,Brad Lambert,1.0,0.0,4,0.26309565920382727,0.0,0.06577391480095682,0.0,0.25,0.0
8483476,0.2206290755420919,0.0,Jonathan Lekkerimki,1.0,0.0,4,0.2206290755420919,0.0,0.05515726888552298,0.0,0.25,0.0
8483485,2.0097495578229405,0.0,Denton Mateychuk,5.0,4.0,24,0.4019499115645881,0.0,0.08373956490928919,0.0,0.20833333333333334,0.16666666666666666
8483489,6.428072842769322,0.0,Fraser Minten,3.0,5.0,26,2.142690947589774,0.0,0.24723357087574316,0.0,0.11538461538461539,0.19230769230769232
8483490,1.597489199601112,0.0,Pavel Mintyukov,1.0,3.0,21,1.597489199601112,0.0,0.07607091426671962,0.0,0.047619047619047616,0.14285714285714285
8483493,9.610205598175522,0.0,Frank Nazar,5.0,11.0,22,1.9220411196351044,0.0,0.43682752718979645,0.0,0.22727272727272727,0.5
8483495,2.851909003220495,0.0,Simon Nemec,5.0,9.0,24,0.570381800644099,0.0,0.11882954180085396,0.0,0.20833333333333334,0.375
8483497,3.590855747461317,0.0,Jani Nyman,3.0,0.0,15,1.1969519158204391,0.0,0.2393903831640878,0.0,0.2,0.0
8483499,1.126882700249552,0.0,Liam Ohgren,0.0,0.0,12,1.126882700249552,0.0,0.09390689168746268,0.0,0.0,0.0
8483500,2.648100192658602,0.0,Noah Ostlund,3.0,2.0,16,0.882700064219534,0.0,0.16550626204116262,0.0,0.1875,0.125
8483503,0.06196613237261765,0.0,Owen Pickering,0.0,0.0,4,0.06196613237261765,0.0,0.015491533093154413,0.0,0.0,0.0
8483506,2.102816895581779,0.0,Sam Rinzel,1.0,7.0,23,2.102816895581779,0.0,0.09142682154703388,0.0,0.043478260869565216,0.30434782608695654
8483510,0.3019293826073405,0.0,Elias Salomonsson,0.0,0.0,2,0.3019293826073405,0.0,0.15096469130367024,0.0,0.0,0.0
8483512,6.848122018389401,0.0,Matt Savoie,3.0,4.0,25,2.282707339463134,0.0,0.273924880735576,0.0,0.12,0.16
8483513,1.1787036433815952,0.0,Reid Schaefer,0.0,0.0,1,1.1787036433815952,0.0,1.1787036433815952,0.0,0.0,0.0
8483515,8.53291418496519,0.0,Juraj Slafkovsk,7.0,5.0,23,1.2189877407093128,0.0,0.37099626891153,0.0,0.30434782608695654,0.21739130434782608
8483516,7.333764707669612,0.0,Jimmy Snuggerud,5.0,6.0,25,1.4667529415339224,0.0,0.2933505883067845,0.0,0.2,0.24
8483524,5.75076752528548,0.0,Shane Wright,5.0,6.0,23,1.150153505057096,0.0,0.2500333706645861,0.0,0.21739130434782608,0.2608695652173913
8483525,3.375368931330739,0.0,Danila Yurov,3.0,3.0,20,1.1251229771102464,0.0,0.16876844656653694,0.0,0.15,0.15
8483531,0.578401540406048,0.0,Brian Halonen,1.0,0.0,9,0.578401540406048,0.0,0.06426683782289422,0.0,0.1111111111111111,0.0
8483553,1.0997226051986213,0.0,Marc Gatcomb,0.0,0.0,1,1.0997226051986213,0.0,1.0997226051986213,0.0,0.0,0.0
8483565,2.988460405729709,0.0,Nick Blankenburg,3.0,7.0,14,0.9961534685765696,0.0,0.21346145755212206,0.0,0.21428571428571427,0.5
8483567,0.0248830784112215,0.0,Georgii Merkulov,0.0,0.0,1,0.0248830784112215,0.0,0.0248830784112215,0.0,0.0,0.0
8483570,0.8938511935994025,0.0,Ben Meyers,0.0,3.0,9,0.8938511935994025,0.0,0.09931679928882249,0.0,0.0,0.3333333333333333
8483573,3.906171649694441,0.0,Ethen Frank,3.0,6.0,14,1.3020572165648137,0.0,0.27901226069246005,0.0,0.21428571428571427,0.42857142857142855
8483609,3.6522395669016965,0.0,Adam Klapka,2.0,3.0,25,1.8261197834508482,0.0,0.14608958267606786,0.0,0.08,0.12
8483676,0.5428119841963047,0.0,Stephen Halliday,0.0,1.0,4,0.5428119841963047,0.0,0.13570299604907618,0.0,0.0,0.25
8483678,0.6096685286611304,0.0,Elias Pettersson,0.0,2.0,24,0.6096685286611304,0.0,0.025402855360880435,0.0,0.0,0.08333333333333333
8483686,0.1074708160012959,0.0,Adam Engstrom,0.0,0.0,1,0.1074708160012959,0.0,0.1074708160012959,0.0,0.0,0.0
8483690,5.026536708930505,0.0,Noah Laba,4.0,3.0,26,1.2566341772326262,0.0,0.19332833495886556,0.0,0.15384615384615385,0.11538461538461539
8483728,1.0376908378675576,0.0,Jared Davidson,0.0,0.0,5,1.0376908378675576,0.0,0.2075381675735115,0.0,0.0,0.0
8483733,0.9287012773565942,0.0,Nikita Grebenkin,1.0,2.0,14,0.9287012773565942,0.0,0.06633580552547101,0.0,0.07142857142857142,0.14285714285714285
8483752,2.643498391844331,0.0,Dominic James,1.0,3.0,15,2.643498391844331,0.0,0.1762332261229554,0.0,0.06666666666666667,0.2
8483768,0.1710236072540282,0.0,Victor Mancini,0.0,0.0,5,0.1710236072540282,0.0,0.03420472145080564,0.0,0.0,0.0
8483808,5.179221134632824,0.0,Andrei Kuzmenko,3.0,4.0,21,1.726407044877608,0.0,0.24662957783965828,0.0,0.14285714285714285,0.19047619047619047
8483890,6.033333764411508,0.0,Braeden Bowman,4.0,3.0,9,1.508333441102877,0.0,0.6703704182679453,0.0,0.4444444444444444,0.3333333333333333
8483930,0.08509899023920281,0.0,Ivan Ivan,0.0,1.0,2,0.08509899023920281,0.0,0.042549495119601405,0.0,0.0,0.5
8484135,1.0373716908507042,0.0,Parker Ford,0.0,1.0,11,1.0373716908507042,0.0,0.09430651735006403,0.0,0.0,0.09090909090909091
8484136,3.1174577577039586,0.0,Max Sasson,5.0,2.0,22,0.6234915515407917,0.0,0.14170262535017994,0.0,0.22727272727272727,0.09090909090909091
8484144,11.17415718501433,0.0,Connor Bedard,14.0,19.0,24,0.7981540846438807,0.0,0.4655898827089304,0.0,0.5833333333333334,0.7916666666666666
8484145,4.759592868620528,0.0,Zach Benson,0.0,9.0,11,4.759592868620528,0.0,0.4326902607836844,0.0,0.0,0.8181818181818182
8484149,2.2973617222160088,0.0,Gavin Brindley,4.0,3.0,18,0.5743404305540022,0.0,0.12763120678977827,0.0,0.2222222222222222,0.16666666666666666
8484153,11.122110705822701,0.0,Leo Carlsson,13.0,20.0,24,0.855546977370977,0.0,0.4634212794092792,0.0,0.5416666666666666,0.8333333333333334
8484158,4.3391534574329835,0.0,Easton Cowan,2.0,5.0,16,2.1695767287164918,0.0,0.27119709108956147,0.0,0.125,0.3125
8484160,3.5968037811107925,0.0,Nate Danielson,1.0,3.0,10,3.5968037811107925,0.0,0.3596803781110792,0.0,0.1,0.3
8484164,2.3376464378088695,0.0,Dalibor Dvorsky,3.0,1.0,15,0.7792154792696232,0.0,0.15584309585392464,0.0,0.2,0.06666666666666667
8484166,11.462341664358968,0.0,Adam Fantilli,9.0,8.0,25,1.2735935182621076,0.0,0.45849366657435875,0.0,0.36,0.32
8484168,0.1112261610105633,0.0,Oscar Fisker Molgaard,0.0,1.0,2,0.1112261610105633,0.0,0.05561308050528165,0.0,0.0,0.5
8484180,2.538351651281117,0.0,Samuel Honzek,2.0,2.0,18,1.2691758256405585,0.0,0.14101953618228427,0.0,0.1111111111111111,0.1111111111111111
8484186,7.123758699279275,0.0,Ryan Leonard,5.0,7.0,25,1.424751739855855,0.0,0.284950347971171,0.0,0.2,0.28
8484197,3.159675591625272,0.0,Oliver Moore,2.0,4.0,12,1.579837795812636,0.0,0.263306299302106,0.0,0.16666666666666666,0.3333333333333333
8484203,0.7461682371795173,0.0,Bradly Nadeau,1.0,0.0,6,0.7461682371795173,0.0,0.12436137286325288,0.0,0.16666666666666666,0.0
8484210,0.31502730958163716,0.0,Gabe Perreault,0.0,1.0,3,0.31502730958163716,0.0,0.10500910319387906,0.0,0.0,0.3333333333333333
8484214,0.5285648405551907,0.0,Luca Pinelli,0.0,0.0,2,0.5285648405551907,0.0,0.26428242027759535,0.0,0.0,0.0
8484221,3.562629367224871,0.0,Calum Ritchie,2.0,1.0,15,1.7813146836124354,0.0,0.23750862448165805,0.0,0.13333333333333333,0.06666666666666667
8484223,1.7881046198308441,0.0,Axel Sandin-Pellikka,2.0,4.0,25,0.8940523099154221,0.0,0.07152418479323376,0.0,0.08,0.16
8484227,8.756800881586965,0.0,Will Smith,8.0,14.0,25,1.0946001101983707,0.0,0.3502720352634786,0.0,0.32,0.56
8484240,0.793548394925891,0.0,Tom Willander,0.0,6.0,15,0.793548394925891,0.0,0.052903226328392734,0.0,0.0,0.4
8484241,6.003469502553342,0.0,Matthew Wood,7.0,4.0,17,0.8576385003647632,0.0,0.35314526485607894,0.0,0.4117647058823529,0.23529411764705882
8484258,1.7440074007026811,0.0,Sam Malinski,2.0,10.0,24,0.8720037003513406,0.0,0.07266697502927838,0.0,0.08333333333333333,0.4166666666666667
8484262,0.028391158208251,0.0,Travis Mitchell,0.0,0.0,1,0.028391158208251,0.0,0.028391158208251,0.0,0.0,0.0
8484304,1.0460535641759623,0.0,Uvis Balinskis,0.0,4.0,15,1.0460535641759623,0.0,0.06973690427839749,0.0,0.0,0.26666666666666666
8484305,0.0699932454153894,0.0,Zach Metsa,0.0,0.0,4,0.0699932454153894,0.0,0.01749831135384735,0.0,0.0,0.0
8484321,0.7529392945580172,0.0,Nikolas Matinpalo,0.0,4.0,15,0.7529392945580172,0.0,0.05019595297053448,0.0,0.0,0.26666666666666666
8484386,1.0289619071409093,0.0,Dmitri Simashev,0.0,1.0,23,1.0289619071409093,0.0,0.044737474223517794,0.0,0.0,0.043478260869565216
8484387,6.843845181167122,0.0,Matvei Michkov,6.0,6.0,23,1.1406408635278538,0.0,0.297558486137701,0.0,0.2608695652173913,0.2608695652173913
8484403,0.3369122967123984,0.0,Florian Xhekaj,0.0,1.0,3,0.3369122967123984,0.0,0.1123040989041328,0.0,0.0,0.3333333333333333
8484428,0.5293427780270568,0.0,Charles Alexis Legault,1.0,1.0,8,0.5293427780270568,0.0,0.0661678472533821,0.0,0.125,0.125
8484471,8.299213054124262,0.0,Emmitt Finnie,5.0,6.0,25,1.6598426108248525,0.0,0.33196852216497047,0.0,0.2,0.24
8484529,0.898797050118446,0.0,Connor Clattenburg,1.0,0.0,2,0.898797050118446,0.0,0.449398525059223,0.0,0.5,0.0
8484762,9.112656276207414,0.0,Beckett Sennecke,7.0,11.0,24,1.301808039458202,0.0,0.37969401150864224,0.0,0.2916666666666667,0.4583333333333333
8484768,0.6169574493542306,0.0,Zayne Parekh,0.0,1.0,11,0.6169574493542306,0.0,0.0560870408503846,0.0,0.0,0.09090909090909091
8484779,0.2198714911937712,0.0,Jett Luchanko,0.0,0.0,4,0.2198714911937712,0.0,0.0549678727984428,0.0,0.0,0.0
8484783,2.0570948906242825,0.0,Artyom Levshunov,1.0,11.0,23,2.0570948906242825,0.0,0.08943890828801228,0.0,0.043478260869565216,0.4782608695652174
8484794,1.4966602660715569,0.0,Michael Brandsegg-Nygrd,0.0,1.0,9,1.4966602660715569,0.0,0.16629558511906187,0.0,0.0,0.1111111111111111
8484798,2.1379116326570484,0.0,Zeev Buium,3.0,9.0,25,0.7126372108856828,0.0,0.08551646530628193,0.0,0.12,0.36
8484800,2.4128117281943546,0.0,Berkly Catton,0.0,5.0,18,2.4128117281943546,0.0,0.13404509601079748,0.0,0.0,0.2777777777777778
8484801,10.222524226177478,0.0,Macklin Celebrini,14.0,22.0,25,0.7301803018698199,0.0,0.40890096904709916,0.0,0.56,0.88
8484806,1.6600433522835358,0.0,Sam Dickinson,1.0,1.0,19,1.6600433522835358,0.0,0.08737070275176505,0.0,0.05263157894736842,0.05263157894736842
8484821,0.6539264554157851,0.0,Sam Morton,0.0,0.0,3,0.6539264554157851,0.0,0.21797548513859502,0.0,0.0,0.0
8484829,4.669266567565499,0.0,Justin Hryckowian,3.0,5.0,24,1.5564221891884997,0.0,0.19455277364856247,0.0,0.125,0.20833333333333334
8484839,0.4755429094657294,0.0,Harrison Brunicke,1.0,0.0,9,0.4755429094657294,0.0,0.052838101051747716,0.0,0.1111111111111111,0.0
8484860,0.5991836511529978,0.0,Matvei Gridin,1.0,0.0,4,0.5991836511529978,0.0,0.14979591278824944,0.0,0.25,0.0
8484901,0.0109871365129947,0.0,Jacob Quillan,0.0,0.0,2,0.0109871365129947,0.0,0.00549356825649735,0.0,0.0,0.0
8484911,4.2986193727701885,0.0,Collin Graf,3.0,7.0,24,1.4328731242567294,0.0,0.17910914053209118,0.0,0.125,0.2916666666666667
8484958,1.7456834409385908,0.0,Maxim Tsyplakov,1.0,0.0,15,1.7456834409385908,0.0,0.11637889606257272,0.0,0.06666666666666667,0.0
8484984,5.797892063856123,0.0,Ivan Demidov,5.0,13.0,23,1.1595784127712245,0.0,0.2520822636459184,0.0,0.21739130434782608,0.5652173913043478
8485366,5.567004020325834,0.0,Matthew Schaefer,8.0,10.0,25,0.6958755025407293,0.0,0.22268016081303338,0.0,0.32,0.4
8485402,3.053684317506849,0.0,Michael Misa,1.0,2.0,7,3.053684317506849,0.0,0.4362406167866927,0.0,0.14285714285714285,0.2857142857142857
8485405,0.12183128856122469,0.0,Brady Martin,0.0,1.0,3,0.12183128856122469,0.0,0.04061042952040823,0.0,0.0,0.3333333333333333
8485414,8.752659815596415,0.0,Ben Kindel,5.0,3.0,20,1.750531963119283,0.0,0.43763299077982076,0.0,0.25,0.15
8485493,4.115246887318788,0.0,David Tomasek,2.0,2.0,18,2.057623443659394,0.0,0.228624827073266,0.0,0.1111111111111111,0.1111111111111111
8485702,3.3069027392193657,0.0,Max Shabanov,3.0,4.0,13,1.1023009130731218,0.0,0.25437713378610505,0.0,0.23076923076923078,0.3076923076923077
