playerId,our_xG_per_game,our_xA_per_game,name,games_played,actual_goals_per_game,actual_assists_per_game,xG_to_goals_ratio,xA_to_assists_ratio
8470613,0.10026175228995256,0.0,Brent Burns,24.0,0.08333333333333333,0.375,1.2031410274794307,0.0
8470621,0.40042636500995427,0.0,Corey Perry,18.0,0.3888888888888889,0.3333333333333333,1.0296677957398823,0.0
8471214,0.3274704332153,0.0,Alex Ovechkin,25.0,0.44,0.48,0.7442509845802273,0.0
8471215,0.33735880967126114,0.0,Evgeni Malkin,23.0,0.2608695652173913,0.782608695652174,1.2932087704065012,0.0
8471675,0.3582075954864507,0.0,Sidney Crosby,23.0,0.6521739130434783,0.43478260869565216,0.5492516464125577,0.0
8471685,0.2660712516856922,0.0,Anze Kopitar,20.0,0.2,0.4,1.3303562584284607,0.0
8471724,0.11580657609738398,0.0,Kris Letang,23.0,0.08695652173913043,0.34782608695652173,1.3317756251199158,0.0
8471817,0.18097252249052476,0.0,Ryan Reaves,21.0,0.09523809523809523,0.0,1.90021148615051,0.0
8473419,0.41566285569893374,0.0,Brad Marchand,23.0,0.6521739130434783,0.5217391304347826,0.6373497120716984,0.0
8473422,0.16156394980274708,0.0,Nick Foligno,15.0,0.0,0.4,0.16156394980274708,0.0
8473507,0.03887966333422802,0.0,Jeff Petry,24.0,0.0,0.20833333333333334,0.03887966333422802,0.0
8473512,0.20237629010807712,0.0,Claude Giroux,24.0,0.16666666666666666,0.5,1.2142577406484627,0.0
8473533,0.29256297461688513,0.0,Jordan Staal,21.0,0.3333333333333333,0.09523809523809523,0.8776889238506554,0.0
8473604,0.29855868950486175,0.0,Jonathan Toews,23.0,0.13043478260869565,0.21739130434782608,2.288949952870607,0.0
8473986,0.19368197362249084,0.0,Alex Killorn,24.0,0.041666666666666664,0.2916666666666667,4.64836736693978,0.0
8473994,0.32497092625126234,0.0,Jamie Benn,6.0,0.3333333333333333,0.5,0.974912778753787,0.0
8474013,0.06529163181866426,0.0,Ian Cole,25.0,0.04,0.32,1.6322907954666066,0.0
8474037,0.3885165353228026,0.0,James van Riemsdyk,20.0,0.15,0.05,2.590110235485351,0.0
8474090,0.03487436007708303,0.0,Brendan Smith,2.0,0.0,0.5,0.03487436007708303,0.0
8474102,0.15962225924401224,0.0,David Perron,24.0,0.125,0.3333333333333333,1.276978073952098,0.0
8474141,0.31190481981528634,0.0,Patrick Kane,16.0,0.1875,0.625,1.6634923723481938,0.0
8474149,0.11185754947364321,0.0,Evgenii Dadonov,5.0,0.0,0.0,0.11185754947364321,0.0
8474150,0.16996213409584002,0.0,Mikael Backlund,26.0,0.15384615384615385,0.38461538461538464,1.1047538716229601,0.0
8474151,0.06831588714311894,0.0,Ryan McDonagh,15.0,0.2,0.2,0.3415794357155947,0.0
8474189,0.20425545470789067,0.0,Lars Eller,24.0,0.08333333333333333,0.16666666666666666,2.451065456494688,0.0
8474563,0.05081164101138701,0.0,Drew Doughty,19.0,0.10526315789473684,0.3157894736842105,0.4827105896081766,0.0
8474564,0.28607287233823836,0.0,Steven Stamkos,24.0,0.25,0.125,1.1442914893529534,0.0
8474567,0.04328771160605046,0.0,Zach Bogosian,9.0,0.0,0.0,0.04328771160605046,0.0
8474568,0.04466338449024719,0.0,Luke Schenn,16.0,0.0,0.125,0.04466338449024719,0.0
8474574,0.0719032605627068,0.0,Tyler Myers,25.0,0.04,0.2,1.7975815140676699,0.0
8474578,0.13879859979663559,0.0,Erik Karlsson,23.0,0.043478260869565216,0.6086956521739131,3.1923677953226184,0.0
8474586,0.3926179725504306,0.0,Jordan Eberle,23.0,0.34782608695652173,0.2608695652173913,1.128776671082488,0.0
8474590,0.18421395552846087,0.0,John Carlson,24.0,0.25,0.6666666666666666,0.7368558221138435,0.0
8474600,0.13684075720169953,0.0,Roman Josi,12.0,0.16666666666666666,0.4166666666666667,0.8210445432101972,0.0
8474612,0.06380964268464588,0.0,Travis Hamonic,15.0,0.0,0.06666666666666667,0.06380964268464588,0.0
8474641,0.22563599912380716,0.0,Adam Henrique,25.0,0.08,0.2,2.8204499890475896,0.0
8474679,0.15232056472450486,0.0,Gustav Nyquist,18.0,0.0,0.3333333333333333,0.15232056472450486,0.0
8474716,0.11024608107982194,0.0,Jared Spurgeon,25.0,0.04,0.12,2.756152026995548,0.0
8475149,0.25455667129538656,0.0,Marcus Johansson,25.0,0.32,0.48,0.795489597798083,0.0
8475151,0.41235553086377086,0.0,Kyle Palmieri,25.0,0.24,0.48,1.718148045265712,0.0
8475158,0.36358964020529605,0.0,Ryan O'Reilly,24.0,0.3333333333333333,0.4166666666666667,1.0907689206158881,0.0
8475166,0.5202967978215641,0.0,John Tavares,24.0,0.5,0.6666666666666666,1.0405935956431283,0.0
8475167,0.1227128008544882,0.0,Victor Hedman,15.0,0.0,0.8,0.1227128008544882,0.0
8475168,0.15711056906729925,0.0,Matt Duchene,4.0,0.25,0.25,0.628442276269197,0.0
8475169,0.3043885719962416,0.0,Evander Kane,25.0,0.16,0.36,1.90242857497651,0.0
8475170,0.2666098078436872,0.0,Brayden Schenn,25.0,0.16,0.2,1.666311299023045,0.0
8475171,0.093908318139326,0.0,Oliver Ekman-Larsson,24.0,0.125,0.625,0.751266545114608,0.0
8475172,0.3732205471925195,0.0,Nazem Kadri,26.0,0.19230769230769232,0.6153846153846154,1.9407468454011014,0.0
8475179,0.0164288971573114,0.0,Dmitry Kulikov,2.0,0.0,0.0,0.0164288971573114,0.0
8475181,0.04555907606014177,0.0,Nick Leddy,9.0,0.0,0.2222222222222222,0.04555907606014177,0.0
8475184,0.35157752605155096,0.0,Chris Kreider,20.0,0.55,0.3,0.6392318655482744,0.0
8475188,0.06958919817892203,0.0,Brayden McNabb,24.0,0.0,0.041666666666666664,0.06958919817892203,0.0
8475191,0.10830181799828997,0.0,Reilly Smith,24.0,0.125,0.125,0.8664145439863198,0.0
8475200,0.05504939099773757,0.0,Dmitry Orlov,25.0,0.0,0.52,0.05504939099773757,0.0
8475208,0.053462619930505655,0.0,Brian Dumoulin,24.0,0.0,0.20833333333333334,0.053462619930505655,0.0
8475218,0.14170463981046777,0.0,Mattias Ekholm,25.0,0.08,0.32,1.771307997630847,0.0
8475220,0.18425780353136353,0.0,Marcus Foligno,23.0,0.0,0.08695652173913043,0.18425780353136353,0.0
8475231,0.1646062336989085,0.0,Casey Cizikas,25.0,0.04,0.16,4.115155842472713,0.0
8475235,0.09383732639253133,0.0,Nicolas Deslauriers,11.0,0.0,0.0,0.09383732639253133,0.0
8475279,0.050597721375524915,0.0,Ben Chiarot,25.0,0.12,0.16,0.4216476781293743,0.0
8475287,0.23939524967378614,0.0,Erik Haula,24.0,0.16666666666666666,0.375,1.436371498042717,0.0
8475314,0.504117389456951,0.0,Anders Lee,25.0,0.2,0.32,2.5205869472847544,0.0
8475324,0.06295317715114865,0.0,Nick Jensen,24.0,0.041666666666666664,0.20833333333333334,1.5108762516275676,0.0
8475343,0.17392040225432104,0.0,Nic Dowd,19.0,0.05263157894736842,0.21052631578947367,3.3044876428321,0.0
8475455,0.0449942066579272,0.0,Brenden Dillon,24.0,0.125,0.25,0.3599536532634176,0.0
8475461,0.0176045708358287,0.0,Andrew Agozzino,2.0,0.0,0.0,0.0176045708358287,0.0
8475462,0.039759285592784376,0.0,Radko Gudas,13.0,0.07692307692307693,0.15384615384615385,0.5168707127061969,0.0
8475690,0.02593560423701996,0.0,Chris Tanev,8.0,0.0,0.25,0.02593560423701996,0.0
8475692,0.2649122171706574,0.0,Mats Zuccarello,10.0,0.1,0.8,2.6491221717065736,0.0
8475714,0.12373240095061742,0.0,Calle Jarnkrok,18.0,0.2222222222222222,0.0,0.5567958042777784,0.0
8475722,0.44089984152974043,0.0,Jason Zucker,16.0,0.375,0.4375,1.1757329107459744,0.0
8475726,0.24103080739657715,0.0,Tyler Toffoli,25.0,0.2,0.32,1.2051540369828857,0.0
8475745,0.26254085101287006,0.0,Charlie Coyle,25.0,0.12,0.48,2.1878404251072507,0.0
8475752,0.11879533780738705,0.0,Tyler Pitlick,14.0,0.0,0.0,0.11879533780738705,0.0
8475753,0.10204431857733466,0.0,Justin Faulk,25.0,0.24,0.28,0.42518466073889444,0.0
8475754,0.24308405158420396,0.0,Brock Nelson,24.0,0.25,0.25,0.9723362063368158,0.0
8475755,0.0673991535263864,0.0,Alexander Petrovic,23.0,0.043478260869565216,0.2608695652173913,1.5501805311068872,0.0
8475760,0.21686049854463846,0.0,Nick Bjugstad,19.0,0.21052631578947367,0.05263157894736842,1.0300873680870328,0.0
8475762,0.0720354989171028,0.0,Derek Forbort,2.0,0.0,0.0,0.0720354989171028,0.0
8475763,0.2355334780967005,0.0,Kevin Hayes,8.0,0.125,0.125,1.884267824773604,0.0
8475764,0.07149177252625415,0.0,Cam Fowler,25.0,0.04,0.4,1.7872943131563537,0.0
8475765,0.24265631878127647,0.0,Vladimir Tarasenko,18.0,0.1111111111111111,0.4444444444444444,2.1839068690314885,0.0
8475768,0.2892185719076381,0.0,Jaden Schwartz,23.0,0.34782608695652173,0.30434782608695654,0.8315033942344596,0.0
8475784,0.20907835750018838,0.0,Jeff Skinner,17.0,0.23529411764705882,0.17647058823529413,0.8885830193758006,0.0
8475786,0.4031030751454332,0.0,Zach Hyman,6.0,0.0,0.3333333333333333,0.4031030751454332,0.0
8475790,0.04959854048987223,0.0,Erik Gudbranson,4.0,0.0,0.0,0.04959854048987223,0.0
8475791,0.2914900841467357,0.0,Taylor Hall,24.0,0.20833333333333334,0.2916666666666667,1.3991524039043315,0.0
8475794,0.22276762096832184,0.0,Tyler Seguin,25.0,0.28,0.4,0.7955986463154351,0.0
8475795,0.04742279648780817,0.0,Dylan McIlrath,3.0,0.0,0.0,0.04742279648780817,0.0
8475798,0.25468851819944865,0.0,Mikael Granlund,9.0,0.3333333333333333,0.6666666666666666,0.764065554598346,0.0
8475799,0.2767861130198946,0.0,Nino Niederreiter,23.0,0.17391304347826086,0.391304347826087,1.5915201498643938,0.0
8475810,0.4350361698824497,0.0,Bryan Rust,21.0,0.3333333333333333,0.47619047619047616,1.3051085096473491,0.0
8475842,0.20332466102326682,0.0,Sam Carrick,26.0,0.038461538461538464,0.19230769230769232,5.286441186604937,0.0
8475848,0.24346928948536506,0.0,Brendan Gallagher,23.0,0.043478260869565216,0.391304347826087,5.599793658163397,0.0
8475906,0.06685043377801766,0.0,John Klingberg,16.0,0.1875,0.25,0.35653564681609423,0.0
8475913,0.3985980245499655,0.0,Mark Stone,8.0,0.5,1.375,0.797196049099931,0.0
8476278,0.1316946274177594,0.0,Colin Blackwell,24.0,0.08333333333333333,0.16666666666666666,1.5803355290131127,0.0
8476292,0.20851646813199565,0.0,Ondrej Palat,24.0,0.041666666666666664,0.125,5.0043952351678955,0.0
8476312,0.10289115813345853,0.0,Josh Manson,24.0,0.08333333333333333,0.08333333333333333,1.2346938976015025,0.0
8476331,0.05842840777371408,0.0,Dylan DeMelo,23.0,0.043478260869565216,0.391304347826087,1.3438533787954239,0.0
8476372,0.06095085009777285,0.0,Nick Seeler,23.0,0.0,0.13043478260869565,0.06095085009777285,0.0
8476374,0.16964220685056505,0.0,Sean Kuraly,26.0,0.07692307692307693,0.15384615384615385,2.2053486890573457,0.0
8476389,0.24476268677972243,0.0,Vincent Trocheck,12.0,0.4166666666666667,0.5,0.5874304482713338,0.0
8476392,0.20395649653593334,0.0,Adam Lowry,11.0,0.09090909090909091,0.18181818181818182,2.243521461895267,0.0
8476393,0.138585902683969,0.0,Nick Cousins,24.0,0.16666666666666666,0.08333333333333333,0.8315154161038141,0.0
8476399,0.3287843034735746,0.0,Blake Coleman,26.0,0.3076923076923077,0.11538461538461539,1.0685489862891175,0.0
8476419,0.18009886933335406,0.0,Jean-Gabriel Pageau,22.0,0.2727272727272727,0.2727272727272727,0.660362520888965,0.0
8476422,0.09190789958168005,0.0,Mike Reilly,19.0,0.05263157894736842,0.21052631578947367,1.746250092051921,0.0
8476425,0.4109107684344053,0.0,Joseph LaBate,1.0,0.0,0.0,0.4109107684344053,0.0
8476429,0.06958309297814307,0.0,Scott Mayfield,23.0,0.0,0.13043478260869565,0.06958309297814307,0.0
8476432,0.29827871366093545,0.0,Boone Jenner,16.0,0.1875,0.4375,1.5908198061916556,0.0
8476438,0.28645489158641,0.0,Brandon Saad,24.0,0.041666666666666664,0.125,6.8749173980738405,0.0
8476441,0.05636841841042031,0.0,Joel Edmundson,24.0,0.08333333333333333,0.375,0.6764210209250437,0.0
8476448,0.25707422017764575,0.0,William Karlsson,14.0,0.2857142857142857,0.21428571428571427,0.8997597706217602,0.0
8476453,0.33158743642603156,0.0,Nikita Kucherov,22.0,0.5,0.8181818181818182,0.6631748728520631,0.0
8476454,0.2504035571590065,0.0,Ryan Nugent-Hopkins,16.0,0.3125,0.6875,0.8012913829088207,0.0
8476455,0.3231490802330274,0.0,Gabriel Landeskog,24.0,0.125,0.25,2.5851926418642193,0.0
8476456,0.2994503244757651,0.0,Jonathan Huberdeau,21.0,0.19047619047619047,0.38095238095238093,1.5721142034977669,0.0
8476457,0.03797902378977991,0.0,Adam Larsson,23.0,0.043478260869565216,0.17391304347826086,0.8735175471649379,0.0
8476458,0.32347315674026794,0.0,Ryan Strome,8.0,0.125,0.25,2.5877852539221435,0.0
8476459,0.40425975210664233,0.0,Mika Zibanejad,26.0,0.34615384615384615,0.34615384615384615,1.1678615060858557,0.0
8476460,0.3492372811694318,0.0,Mark Scheifele,23.0,0.5652173913043478,0.7391304347826086,0.6178813436074563,0.0
8476461,0.18234134655601023,0.0,Sean Couturier,22.0,0.18181818181818182,0.5,1.0028774060580563,0.0
8476462,0.11940916487947087,0.0,Dougie Hamilton,20.0,0.2,0.2,0.5970458243973543,0.0
8476463,0.0597934875210436,0.0,Jonas Brodin,24.0,0.08333333333333333,0.25,0.7175218502525232,0.0
8476467,0.056631933347406634,0.0,Jamie Oleksiak,23.0,0.08695652173913043,0.13043478260869565,0.6512672334951763,0.0
8476468,0.4372987487317563,0.0,J.T. Miller,24.0,0.25,0.2916666666666667,1.7491949949270251,0.0
8476469,0.1718460224025571,0.0,Joel Armia,24.0,0.20833333333333334,0.25,0.8248609075322741,0.0
8476473,0.0494188311110649,0.0,Connor Murphy,24.0,0.0,0.125,0.0494188311110649,0.0
8476474,0.18908332447013387,0.0,Stefan Noesen,18.0,0.05555555555555555,0.1111111111111111,3.40349984046241,0.0
8476479,0.21924838635216767,0.0,Phillip Danault,24.0,0.0,0.16666666666666666,0.21924838635216767,0.0
8476480,0.2622535917519901,0.0,Vladislav Namestnikov,23.0,0.2608695652173913,0.043478260869565216,1.0053054350492954,0.0
8476483,0.31393248401582224,0.0,Rickard Rakell,9.0,0.3333333333333333,0.5555555555555556,0.9417974520474668,0.0
8476525,0.04918936255853612,0.0,Colin Miller,8.0,0.0,0.0,0.04918936255853612,0.0
8476539,0.2764835869214341,0.0,Jonathan Marchessault,20.0,0.2,0.15,1.3824179346071703,0.0
8476624,0.16407265101390123,0.0,Barclay Goodrow,25.0,0.04,0.08,4.101816275347531,0.0
8476822,0.11281029367819423,0.0,Luke Glendening,24.0,0.0,0.125,0.11281029367819423,0.0
8476826,0.22997859517112362,0.0,Yanni Gourde,24.0,0.20833333333333334,0.16666666666666666,1.1038972568213934,0.0
8476853,0.11359264390093482,0.0,Morgan Rielly,23.0,0.17391304347826086,0.6086956521739131,0.6531577024303752,0.0
8476854,0.06557411797852668,0.0,Hampus Lindholm,18.0,0.05555555555555555,0.3333333333333333,1.1803341236134803,0.0
8476856,0.05123293190263204,0.0,Mathew Dumba,9.0,0.1111111111111111,0.2222222222222222,0.4610963871236884,0.0
8476867,0.13171755630173715,0.0,Brendan Gaunce,4.0,0.25,0.25,0.5268702252069486,0.0
8476869,0.09781466159396433,0.0,Brady Skjei,24.0,0.0,0.25,0.09781466159396433,0.0
8476871,0.11617668255025307,0.0,Tanner Pearson,21.0,0.14285714285714285,0.047619047619047616,0.8132367778517715,0.0
8476872,0.18467784496024242,0.0,Scott Laughton,6.0,0.0,0.0,0.18467784496024242,0.0
8476873,0.17130276576305423,0.0,Mark Jankowski,15.0,0.06666666666666667,0.2,2.5695414864458135,0.0
8476874,0.05323538609913405,0.0,Olli Mtt,16.0,0.0,0.0625,0.05323538609913405,0.0
8476875,0.1034044612239559,0.0,Mike Matheson,23.0,0.17391304347826086,0.4782608695652174,0.5945756520377464,0.0
8476878,0.2878686949610709,0.0,Zemgus Girgensons,17.0,0.29411764705882354,0.058823529411764705,0.9787535628676411,0.0
8476879,0.04871571758606774,0.0,Cody Ceci,24.0,0.041666666666666664,0.20833333333333334,1.1691772220656258,0.0
8476880,0.37920200603548426,0.0,Tom Wilson,25.0,0.52,0.52,0.7292346269913159,0.0
8476881,0.5506909667867523,0.0,Tomas Hertl,24.0,0.375,0.375,1.4685092447646728,0.0
8476882,0.15979053066284557,0.0,Teuvo Teravainen,24.0,0.25,0.4166666666666667,0.6391621226513823,0.0
8476885,0.11526905541756625,0.0,Jacob Trouba,24.0,0.16666666666666666,0.375,0.6916143325053976,0.0
8476887,0.36373461294790776,0.0,Filip Forsberg,24.0,0.375,0.3333333333333333,0.9699589678610874,0.0
8476889,0.14822463691234583,0.0,Radek Faksa,24.0,0.041666666666666664,0.375,3.5573912858963,0.0
8476891,0.04908668049999191,0.0,Matt Grzelcyk,24.0,0.0,0.16666666666666666,0.04908668049999191,0.0
8476892,0.07800992233333753,0.0,Colton Parayko,25.0,0.0,0.28,0.07800992233333753,0.0
8476897,0.14899233565665776,0.0,Oskar Sundqvist,16.0,0.0625,0.5625,2.383877370506524,0.0
8476902,0.08191744005744103,0.0,Esa Lindell,25.0,0.12,0.2,0.6826453338120086,0.0
8476905,0.12858049511643385,0.0,Chandler Stephenson,23.0,0.17391304347826086,0.34782608695652173,0.7393378469194947,0.0
8476906,0.1348113781306891,0.0,Shayne Gostisbehere,15.0,0.2,1.0,0.6740568906534455,0.0
8476907,0.18544481927528966,0.0,Mackenzie MacEachern,8.0,0.125,0.375,1.4835585542023173,0.0
8476917,0.09639520823839108,0.0,Adam Pelech,25.0,0.0,0.08,0.09639520823839108,0.0
8476921,0.2631116492806799,0.0,Jordan Martinook,24.0,0.125,0.25,2.1048931942454394,0.0
8476923,0.1302405197897718,0.0,Damon Severson,25.0,0.04,0.28,3.256012994744295,0.0
8476925,0.15813591112382702,0.0,Colton Sissons,22.0,0.0,0.09090909090909091,0.15813591112382702,0.0
8476927,0.15582742542028422,0.0,Teddy Blueger,2.0,0.5,0.0,0.31165485084056843,0.0
8476931,0.0650380849838256,0.0,Jake McCabe,24.0,0.125,0.2916666666666667,0.5203046798706048,0.0
8476958,0.06618656148202715,0.0,Jaccob Slavin,2.0,0.0,0.0,0.06618656148202715,0.0
8476967,0.05381950277835121,0.0,Brett Kulak,25.0,0.0,0.08,0.05381950277835121,0.0
8476979,0.0302818305790423,0.0,Erik Gustafsson,1.0,0.0,0.0,0.0302818305790423,0.0
8476981,0.18466149376366614,0.0,Josh Anderson,23.0,0.21739130434782608,0.13043478260869565,0.8494428713128642,0.0
8476994,0.15536847102798904,0.0,Vinnie Hinostroza,22.0,0.09090909090909091,0.13636363636363635,1.7090531813078793,0.0
8477015,0.1887603383954791,0.0,Connor Brown,17.0,0.35294117647058826,0.17647058823529413,0.5348209587871907,0.0
8477018,0.07344417289520293,0.0,Ben Hutton,17.0,0.11764705882352941,0.23529411764705882,0.6242754696092249,0.0
8477070,0.22583111636340605,0.0,Liam O'Brien,8.0,0.125,0.0,1.8066489309072484,0.0
8477073,0.0132283344864845,0.0,Kurtis MacDermid,8.0,0.0,0.0,0.0132283344864845,0.0
8477149,0.3709675933544833,0.0,Scott Sabourin,3.0,0.3333333333333333,0.3333333333333333,1.1129027800634501,0.0
8477220,0.07488998604406193,0.0,Nate Schmidt,25.0,0.04,0.36,1.872249651101548,0.0
8477346,0.08971958359636882,0.0,MacKenzie Weegar,26.0,0.038461538461538464,0.15384615384615385,2.3327091735055894,0.0
8477365,0.04061699058446612,0.0,Connor Clifton,8.0,0.0,0.0,0.04061699058446612,0.0
8477369,0.09140757157614349,0.0,Carson Soucy,22.0,0.09090909090909091,0.09090909090909091,1.0054832873375783,0.0
8477380,0.22879219980289525,0.0,Jonny Brodzinski,15.0,0.13333333333333333,0.13333333333333333,1.7159414985217145,0.0
8477401,0.15740103771289185,0.0,John Hayden,3.0,0.0,0.0,0.15740103771289185,0.0
8477402,0.2914378758619671,0.0,Pavel Buchnevich,25.0,0.12,0.32,2.428648965516393,0.0
8477404,0.502997709137778,0.0,Jake Guentzel,24.0,0.5416666666666666,0.5416666666666666,0.9286111553312825,0.0
8477406,0.2604846723377704,0.0,Mattias Janmark,9.0,0.0,0.3333333333333333,0.2604846723377704,0.0
8477407,0.16081877827777388,0.0,Anthony Duclair,25.0,0.12,0.2,1.3401564856481158,0.0
8477409,0.27466328293774955,0.0,Carter Verhaeghe,24.0,0.16666666666666666,0.5,1.6479796976264973,0.0
8477416,0.24535587253049004,0.0,Oliver Bjorkstrand,24.0,0.08333333333333333,0.2916666666666667,2.944270470365881,0.0
8477419,0.012978677637875,0.0,Mason Geertsen,5.0,0.0,0.0,0.012978677637875,0.0
8477425,0.3067036423916843,0.0,Miles Wood,19.0,0.3157894736842105,0.10526315789473684,0.9712282009070003,0.0
8477426,0.3672079581089994,0.0,Nick Paul,5.0,0.2,0.4,1.836039790544997,0.0
8477429,0.21983277090583678,0.0,Andrew Copp,25.0,0.04,0.32,5.495819272645919,0.0
8477435,0.07375769190151571,0.0,Ryan Graves,9.0,0.1111111111111111,0.0,0.6638192271136414,0.0
8477444,0.3120128578555426,0.0,Andre Burakovsky,19.0,0.3684210526315789,0.47368421052631576,0.8468920427507586,0.0
8477446,0.1876078150013372,0.0,Michael McCarron,24.0,0.041666666666666664,0.16666666666666666,4.502587560032093,0.0
8477447,0.17857747194024584,0.0,Shea Theodore,24.0,0.125,0.4583333333333333,1.4286197755219667,0.0
8477450,0.14262060803594057,0.0,Jason Dickinson,11.0,0.18181818181818182,0.18181818181818182,0.7844133441976731,0.0
8477451,0.25517570189441785,0.0,Ryan Hartman,21.0,0.19047619047619047,0.19047619047619047,1.3396724349456939,0.0
8477454,0.14589372366158793,0.0,Adam Erne,14.0,0.14285714285714285,0.07142857142857142,1.0212560656311156,0.0
8477456,0.20952098525088758,0.0,J.T. Compher,25.0,0.16,0.2,1.3095061578180474,0.0
8477463,0.0316573036834597,0.0,Steven Santini,5.0,0.0,0.2,0.0316573036834597,0.0
8477476,0.4667683979817504,0.0,Artturi Lehkonen,24.0,0.375,0.5416666666666666,1.2447157279513343,0.0
8477478,0.25243442221027274,0.0,William Carrier,18.0,0.05555555555555555,0.2222222222222222,4.54381959978491,0.0
8477479,0.34474380121186915,0.0,Tyler Bertuzzi,21.0,0.5714285714285714,0.38095238095238093,0.603301652120771,0.0
8477488,0.0856018941849469,0.0,Brett Pesce,9.0,0.0,0.3333333333333333,0.0856018941849469,0.0
8477492,0.4528816821534304,0.0,Nathan MacKinnon,24.0,0.7916666666666666,0.9166666666666666,0.5720610721938069,0.0
8477494,0.2749945788830518,0.0,Jonathan Drouin,24.0,0.125,0.5,2.1999566310644143,0.0
8477495,0.13275884148398664,0.0,Seth Jones,24.0,0.125,0.4166666666666667,1.0620707318718932,0.0
8477496,0.21765749312471586,0.0,Elias Lindholm,16.0,0.25,0.4375,0.8706299724988634,0.0
8477497,0.2740533235137936,0.0,Sean Monahan,25.0,0.12,0.32,2.28377769594828,0.0
8477498,0.10708400968397983,0.0,Darnell Nurse,25.0,0.2,0.2,0.5354200484198991,0.0
8477500,0.4586853648888789,0.0,Bo Horvat,25.0,0.56,0.44,0.8190810087301408,0.0
8477501,0.3472400947092946,0.0,Valeri Nichushkin,17.0,0.29411764705882354,0.4117647058823529,1.1806163220116017,0.0
8477503,0.1662011244916356,0.0,Max Domi,23.0,0.13043478260869565,0.13043478260869565,1.2742086211025396,0.0
8477504,0.1299103497384258,0.0,Josh Morrissey,23.0,0.21739130434782608,0.782608695652174,0.5975876087967587,0.0
8477505,0.2229125337302684,0.0,Alexander Wennberg,25.0,0.2,0.32,1.114562668651342,0.0
8477506,0.05363024047647521,0.0,Ryan Pulock,25.0,0.0,0.4,0.05363024047647521,0.0
8477507,0.11337998358962616,0.0,Nikita Zadorov,26.0,0.038461538461538464,0.2692307692307692,2.94787957333028,0.0
8477508,0.1208562402882509,0.0,Curtis Lazar,9.0,0.1111111111111111,0.0,1.0877061625942581,0.0
8477511,0.2436237069778143,0.0,Anthony Mantha,23.0,0.34782608695652173,0.2608695652173913,0.7004181575612162,0.0
8477527,0.11146976860860978,0.0,Ross Johnston,23.0,0.043478260869565216,0.17391304347826086,2.563804677998025,0.0
8477541,0.0248689730651676,0.0,Dakota Mermis,9.0,0.1111111111111111,0.0,0.2238207575865084,0.0
8477573,0.17841904310752507,0.0,Nathan Walker,24.0,0.125,0.25,1.4273523448602006,0.0
8477810,0.03615979621510783,0.0,Joel Hanley,23.0,0.0,0.13043478260869565,0.03615979621510783,0.0
8477839,0.1909338283137632,0.0,Conor Sheary,24.0,0.0,0.20833333333333334,0.1909338283137632,0.0
8477845,0.11063600627572401,0.0,Trevor van Riemsdyk,18.0,0.05555555555555555,0.05555555555555555,1.9914481129630321,0.0
8477903,0.0897650950971771,0.0,Garnet Hathaway,23.0,0.0,0.0,0.0897650950971771,0.0
8477919,0.1503679879941045,0.0,Frederick Gaudreau,10.0,0.0,0.2,0.1503679879941045,0.0
8477932,0.11082712773233641,0.0,Aaron Ekblad,23.0,0.043478260869565216,0.2608695652173913,2.5490239378437374,0.0
8477933,0.5465469518343783,0.0,Sam Reinhart,24.0,0.5416666666666666,0.4166666666666667,1.0090097572326984,0.0
8477934,0.34544840500069146,0.0,Leon Draisaitl,25.0,0.56,0.6,0.616872151786949,0.0
8477935,0.3728545305068388,0.0,Sam Bennett,24.0,0.25,0.25,1.4914181220273552,0.0
8477938,0.10155548486444674,0.0,Haydn Fleury,15.0,0.0,0.0,0.10155548486444674,0.0
8477939,0.25414199874891574,0.0,William Nylander,20.0,0.55,1.0,0.46207636136166497,0.0
8477940,0.2425076666288076,0.0,Nikolaj Ehlers,24.0,0.16666666666666666,0.4583333333333333,1.4550459997728458,0.0
8477942,0.3820596045038351,0.0,Kevin Fiala,24.0,0.4166666666666667,0.2916666666666667,0.9169430508092041,0.0
8477946,0.4679124264977871,0.0,Dylan Larkin,25.0,0.56,0.52,0.835557904460334,0.0
8477947,0.20004637432949873,0.0,Sonny Milano,14.0,0.21428571428571427,0.14285714285714285,0.9335497468709941,0.0
8477948,0.12223696562189908,0.0,Travis Sanheim,23.0,0.08695652173913043,0.2608695652173913,1.4057251046518395,0.0
8477949,0.3891156273602972,0.0,Alex Tuch,24.0,0.3333333333333333,0.5416666666666666,1.1673468820808917,0.0
8477950,0.0750200242157382,0.0,Tony DeAngelo,25.0,0.04,0.32,1.8755006053934549,0.0
8477951,0.32420326015281087,0.0,Nick Schmaltz,25.0,0.4,0.48,0.8105081503820272,0.0
8477953,0.09942046757787462,0.0,Kasperi Kapanen,6.0,0.0,0.3333333333333333,0.09942046757787462,0.0
8477955,0.28978003337979297,0.0,Jared McCann,6.0,0.5,0.3333333333333333,0.5795600667595859,0.0
8477956,0.3314779203635853,0.0,David Pastrnak,25.0,0.44,0.72,0.7533589099172393,0.0
8477960,0.31815778949008916,0.0,Adrian Kempe,24.0,0.2916666666666667,0.5416666666666666,1.0908267068231627,0.0
8477964,0.2714657841670149,0.0,Ivan Barbashev,24.0,0.3333333333333333,0.5,0.8143973525010447,0.0
8477969,0.05097538783130313,0.0,Marcus Pettersson,25.0,0.04,0.16,1.2743846957825782,0.0
8477986,0.18160647512801595,0.0,Brandon Montour,19.0,0.2631578947368421,0.42105263157894735,0.6901046054864607,0.0
8477987,0.3187257767943985,0.0,Ryan Donato,24.0,0.3333333333333333,0.20833333333333334,0.9561773303831955,0.0
8477989,0.3293071662448345,0.0,Christian Dvorak,23.0,0.2608695652173913,0.391304347826087,1.2623441372718658,0.0
8477993,0.1907499931486589,0.0,Justin Kirkland,9.0,0.0,0.1111111111111111,0.1907499931486589,0.0
8477996,0.21178477043285956,0.0,Juho Lammikko,12.0,0.0,0.0,0.21178477043285956,0.0
8477998,0.20662138322368256,0.0,Warren Foegele,18.0,0.2222222222222222,0.0,0.9297962245065716,0.0
8478010,0.3286430499389428,0.0,Brayden Point,21.0,0.14285714285714285,0.38095238095238093,2.3005013495725994,0.0
8478013,0.08496802683700524,0.0,Jake Walman,17.0,0.17647058823529413,0.4117647058823529,0.4814854854096964,0.0
8478020,0.21387171080837447,0.0,Michael Amadio,24.0,0.25,0.16666666666666666,0.8554868432334979,0.0
8478038,0.12148520869335945,0.0,Devon Toews,24.0,0.0,0.2916666666666667,0.12148520869335945,0.0
8478042,0.2525411673705092,0.0,Viktor Arvidsson,20.0,0.3,0.2,0.8418038912350306,0.0
8478043,0.11084529338404535,0.0,Sam Lafferty,10.0,0.1,0.0,1.1084529338404534,0.0
8478046,0.19822915457189075,0.0,Danton Heinen,8.0,0.0,0.125,0.19822915457189075,0.0
8478047,0.27261099188875104,0.0,Michael Bunting,24.0,0.20833333333333334,0.3333333333333333,1.308532761066005,0.0
8478055,0.07000579888170405,0.0,Gustav Forsling,24.0,0.041666666666666664,0.4583333333333333,1.6801391731608972,0.0
8478057,0.20722243903825674,0.0,Dakota Joshua,23.0,0.08695652173913043,0.13043478260869565,2.3830580489399527,0.0
8478062,0.047395675443112795,0.0,Dysin Mayo,1.0,0.0,0.0,0.047395675443112795,0.0
8478104,0.26297477073967446,0.0,Sammy Blais,8.0,0.125,0.25,2.1037981659173957,0.0
8478109,0.24763049577073792,0.0,Victor Olofsson,24.0,0.25,0.4166666666666667,0.9905219830829517,0.0
8478133,0.20082161340507715,0.0,Jake Evans,23.0,0.17391304347826086,0.17391304347826086,1.1547242770791937,0.0
8478136,0.09831750100212432,0.0,Jake Middleton,23.0,0.0,0.21739130434782608,0.09831750100212432,0.0
8478173,0.1870633186772464,0.0,Hayden Hodgson,8.0,0.0,0.0,0.1870633186772464,0.0
8478178,0.15262170899254457,0.0,Darren Raddysh,18.0,0.16666666666666666,0.5555555555555556,0.9157302539552674,0.0
8478233,0.2551262274222529,0.0,Andrew Mangiapane,25.0,0.16,0.16,1.5945389213890804,0.0
8478366,0.21651577952850065,0.0,Frank Vatrano,24.0,0.08333333333333333,0.041666666666666664,2.598189354342008,0.0
8478396,0.10368354055099172,0.0,Noah Hanifin,14.0,0.07142857142857142,0.21428571428571427,1.451569567713884,0.0
8478397,0.18379150612022838,0.0,Rasmus Andersson,26.0,0.19230769230769232,0.5,0.9557158318251875,0.0
8478398,0.33042300261246643,0.0,Kyle Connor,23.0,0.4782608695652174,0.7391304347826086,0.6908844600078843,0.0
8478399,0.06176350876921776,0.0,Jonas Siegenthaler,24.0,0.0,0.08333333333333333,0.06176350876921776,0.0
8478401,0.3250546478666364,0.0,Pavel Zacha,25.0,0.2,0.48,1.625273239333182,0.0
8478402,0.4641568916073687,0.0,Connor McDavid,25.0,0.4,0.96,1.1603922290184217,0.0
8478403,0.3747748227945216,0.0,Jack Eichel,24.0,0.4583333333333333,0.8333333333333334,0.8176905224607744,0.0
8478407,0.10058344366888573,0.0,Vince Dunn,23.0,0.17391304347826086,0.391304347826087,0.5783548010960929,0.0
8478413,0.19955327063798894,0.0,Jordan Greenway,12.0,0.08333333333333333,0.16666666666666666,2.3946392476558676,0.0
8478414,0.4004424709826706,0.0,Timo Meier,24.0,0.3333333333333333,0.5,1.2013274129480118,0.0
8478416,0.03905726429074993,0.0,Erik Cernak,19.0,0.0,0.21052631578947367,0.03905726429074993,0.0
8478420,0.3748016977061826,0.0,Mikko Rantanen,24.0,0.4166666666666667,0.8333333333333334,0.8995240744948382,0.0
8478421,0.23929777541197828,0.0,A.J. Greer,24.0,0.25,0.16666666666666666,0.9571911016479131,0.0
8478424,0.15195298722634706,0.0,Jansen Harkins,13.0,0.15384615384615385,0.0,0.9876944169712558,0.0
8478427,0.36187353712351356,0.0,Sebastian Aho,24.0,0.3333333333333333,0.6666666666666666,1.0856206113705407,0.0
8478434,0.0852857640013098,0.0,Keegan Kolesar,24.0,0.0,0.125,0.0852857640013098,0.0
8478438,0.22597598707458613,0.0,Tommy Novak,23.0,0.08695652173913043,0.30434782608695654,2.5987238513577404,0.0
8478439,0.24335534835699932,0.0,Travis Konecny,23.0,0.21739130434782608,0.5217391304347826,1.1194346024421968,0.0
8478440,0.23879763457924116,0.0,Dylan Strome,23.0,0.21739130434782608,0.6956521739130435,1.0984691190645093,0.0
8478443,0.06575561461171921,0.0,Brandon Carlo,18.0,0.0,0.1111111111111111,0.06575561461171921,0.0
8478444,0.3265679308247785,0.0,Brock Boeser,23.0,0.391304347826087,0.30434782608695654,0.8345624898855449,0.0
8478445,0.28822052921971353,0.0,Mathew Barzal,24.0,0.2916666666666667,0.4583333333333333,0.9881846716104463,0.0
8478449,0.3951762677259885,0.0,Roope Hintz,20.0,0.4,0.6,0.9879406693149713,0.0
8478450,0.05221505443516522,0.0,Parker Wotherspoon,23.0,0.08695652173913043,0.30434782608695654,0.6004731260044001,0.0
8478452,0.046937872283160605,0.0,Caleb Jones,7.0,0.0,0.14285714285714285,0.046937872283160605,0.0
8478454,0.04699655558215447,0.0,Noah Juulsen,21.0,0.0,0.09523809523809523,0.04699655558215447,0.0
8478458,0.37117690292441013,0.0,Jack Roslovic,23.0,0.43478260869565216,0.34782608695652173,0.8537068767261433,0.0
8478460,0.20158099647491187,0.0,Zach Werenski,25.0,0.36,0.6,0.5599472124303108,0.0
8478462,0.2311268056693829,0.0,Nicolas Roy,21.0,0.047619047619047616,0.19047619047619047,4.853662919057041,0.0
8478463,0.33669293489462376,0.0,Anthony Beauvillier,25.0,0.2,0.12,1.6834646744731188,0.0
8478468,0.058634372062182756,0.0,Jeremy Lauzon,17.0,0.0,0.23529411764705882,0.058634372062182756,0.0
8478469,0.09859136998420569,0.0,Thomas Chabot,18.0,0.1111111111111111,0.4444444444444444,0.8873223298578512,0.0
8478472,0.19084107892020882,0.0,Mathieu Joseph,19.0,0.10526315789473684,0.2631578947368421,1.8129902497419839,0.0
8478474,0.29146787798187374,0.0,Lawson Crouse,25.0,0.16,0.2,1.8216742373867107,0.0
8478476,0.04670139597728842,0.0,Kyle Capobianco,10.0,0.0,0.3,0.04670139597728842,0.0
8478483,0.2676276628114282,0.0,Mitch Marner,24.0,0.16666666666666666,0.7916666666666666,1.6057659768685693,0.0
8478493,0.3049278042308286,0.0,Joel Eriksson Ek,25.0,0.16,0.48,1.9057987764426787,0.0
8478498,0.5092338675943512,0.0,Jake DeBrusk,25.0,0.32,0.16,1.5913558362323474,0.0
8478500,0.1099484545223774,0.0,Ivan Provorov,25.0,0.12,0.16,0.9162371210198118,0.0
8478507,0.08988282994295535,0.0,John Marino,25.0,0.04,0.48,2.2470707485738837,0.0
8478508,0.2286951835106672,0.0,Yakov Trenin,25.0,0.04,0.2,5.71737958776668,0.0
8478519,0.3812559069796965,0.0,Anthony Cirelli,20.0,0.45,0.4,0.84723534884377,0.0
8478542,0.2516839760528117,0.0,Evan Rodrigues,24.0,0.2916666666666667,0.25,0.8629164893239257,0.0
8478550,0.2464461874992895,0.0,Artemi Panarin,26.0,0.3076923076923077,0.6923076923076923,0.8009501093726908,0.0
8478569,0.14435942090031767,0.0,Noel Acciari,13.0,0.0,0.23076923076923078,0.14435942090031767,0.0
8478831,0.1389018731378018,0.0,Kevin Stenlund,25.0,0.04,0.12,3.472546828445045,0.0
8478840,0.05169429694716291,0.0,Will Borgen,19.0,0.05263157894736842,0.10526315789473684,0.9821916419960953,0.0
8478841,0.03948845900595184,0.0,Colton White,7.0,0.0,0.0,0.03948845900595184,0.0
8478851,0.057901092359553125,0.0,Alexandre Carrier,23.0,0.043478260869565216,0.30434782608695654,1.331725124269722,0.0
8478854,0.05260544126698118,0.0,Ryan Shea,23.0,0.08695652173913043,0.34782608695652173,0.6049625745702836,0.0
8478856,0.3360422686268776,0.0,Conor Garland,21.0,0.2857142857142857,0.42857142857142855,1.1761479401940715,0.0
8478859,0.11079624877311277,0.0,Niko Mikkola,24.0,0.0,0.16666666666666666,0.11079624877311277,0.0
8478864,0.4061199837829915,0.0,Kirill Kaprizov,25.0,0.64,0.56,0.6345624746609242,0.0
8478873,0.3878028176018388,0.0,Troy Terry,24.0,0.2916666666666667,0.8333333333333334,1.3296096603491616,0.0
8478874,0.23160341258525188,0.0,Adam Gaudette,21.0,0.2857142857142857,0.047619047619047616,0.8106119440483817,0.0
8478882,0.07613718502775377,0.0,Vladislav Gavrikov,26.0,0.15384615384615385,0.2692307692307692,0.49489170268039945,0.0
8478891,0.137506304308772,0.0,Mason Appleton,25.0,0.12,0.24,1.1458858692397667,0.0
8478904,0.1431642224613044,0.0,Steven Lorentz,18.0,0.1111111111111111,0.2222222222222222,1.2884780021517397,0.0
8478911,0.06626341111054722,0.0,Matt Roy,25.0,0.04,0.16,1.6565852777636805,0.0
8478970,0.0647721056487749,0.0,Jalen Chatfield,17.0,0.0,0.23529411764705882,0.0647721056487749,0.0
8478975,0.22597130536589582,0.0,Mason Marchment,22.0,0.09090909090909091,0.4090909090909091,2.485684359024854,0.0
8479022,0.18207545881159592,0.0,Rodrigo Abols,18.0,0.05555555555555555,0.0,3.277358258608727,0.0
8479026,0.06698238141834724,0.0,Philippe Myers,10.0,0.0,0.0,0.06698238141834724,0.0
8479066,0.10763298170197569,0.0,Ryan Lomberg,24.0,0.0,0.041666666666666664,0.10763298170197569,0.0
8479291,0.2752231061458586,0.0,Kevin Rooney,1.0,1.0,0.0,0.2752231061458586,0.0
8479293,0.10828870646946591,0.0,Brandon Tanev,25.0,0.0,0.04,0.10828870646946591,0.0
8479316,0.1699068047372357,0.0,Luke Kunin,19.0,0.05263157894736842,0.05263157894736842,3.2282292900074787,0.0
8479318,0.48284530047327257,0.0,Auston Matthews,19.0,0.47368421052631576,0.3157894736842105,1.019340078776909,0.0
8479323,0.09468481792525062,0.0,Adam Fox,26.0,0.11538461538461539,0.8461538461538461,0.820601755352172,0.0
8479324,0.07280879607424133,0.0,Ryan Lindgren,23.0,0.0,0.13043478260869565,0.07280879607424133,0.0
8479325,0.10592839988465926,0.0,Charlie McAvoy,19.0,0.0,0.7368421052631579,0.10592839988465926,0.0
8479336,0.09097304070989287,0.0,Carl Grundstrom,1.0,0.0,0.0,0.09097304070989287,0.0
8479337,0.49635037378375874,0.0,Alex DeBrincat,25.0,0.48,0.56,1.034063278716164,0.0
8479339,0.09562227800488464,0.0,Patrik Laine,5.0,0.0,0.2,0.09562227800488464,0.0
8479343,0.32442178006749584,0.0,Clayton Keller,25.0,0.32,0.52,1.0138180627109246,0.0
8479345,0.2636572371863211,0.0,Jakob Chychrun,25.0,0.4,0.52,0.6591430929658028,0.0
8479351,0.23357887578626654,0.0,Sam Steel,25.0,0.12,0.24,1.9464906315522212,0.0
8479353,0.27459624890041967,0.0,Brett Howden,20.0,0.2,0.1,1.3729812445020984,0.0
8479359,0.22065427532905463,0.0,Beck Malenstyn,23.0,0.08695652173913043,0.08695652173913043,2.537524166284128,0.0
8479362,0.19237200574328495,0.0,Riley Tufte,4.0,0.25,0.0,0.7694880229731398,0.0
8479365,0.19816195365274317,0.0,Trent Frederic,25.0,0.08,0.0,2.4770244206592897,0.0
8479369,0.041001456361564326,0.0,Andrew Peeke,26.0,0.0,0.15384615384615385,0.041001456361564326,0.0
8479370,0.1308392280712723,0.0,Tyson Jost,18.0,0.05555555555555555,0.1111111111111111,2.3551061052829017,0.0
8479371,0.0381809438619276,0.0,Dante Fabbro,25.0,0.04,0.12,0.95452359654819,0.0
8479372,0.0661255435340783,0.0,Joshua Mahura,13.0,0.07692307692307693,0.07692307692307693,0.8596320659430179,0.0
8479378,0.06882643219656656,0.0,Logan Stanley,23.0,0.13043478260869565,0.2608695652173913,0.5276693135070103,0.0
8479383,0.1606485247611999,0.0,Boris Katchouk,3.0,0.0,0.0,0.1606485247611999,0.0
8479385,0.29919291964532524,0.0,Jordan Kyrou,24.0,0.2916666666666667,0.2916666666666667,1.0258042959268294,0.0
8479390,0.19452493719975728,0.0,Taylor Raddysh,26.0,0.19230769230769232,0.07692307692307693,1.0115296734387378,0.0
8479393,0.10861315705220799,0.0,Noah Gregor,11.0,0.0,0.09090909090909091,0.10861315705220799,0.0
8479395,0.0654397922168884,0.0,Dennis Cholowski,10.0,0.0,0.1,0.0654397922168884,0.0
8479398,0.04771068347617976,0.0,Samuel Girard,9.0,0.0,0.2222222222222222,0.04771068347617976,0.0
8479400,0.15980889508500684,0.0,Pierre-Luc Dubois,6.0,0.0,0.0,0.15980889508500684,0.0
8479402,0.0390342863587041,0.0,Jake Bean,13.0,0.07692307692307693,0.07692307692307693,0.5074457226631534,0.0
8479407,0.23833660272367543,0.0,Jesper Bratt,24.0,0.20833333333333334,0.7083333333333334,1.144015693073642,0.0
8479410,0.10837470667643663,0.0,Mikhail Sergachev,25.0,0.12,0.52,0.903122555636972,0.0
8479414,0.14399684840464028,0.0,Nathan Bastian,17.0,0.17647058823529413,0.0,0.8159821409596282,0.0
8479420,0.3659385432547422,0.0,Tage Thompson,24.0,0.5,0.375,0.7318770865094844,0.0
8479421,0.024823277443647318,0.0,Jacob Moverare,6.0,0.0,0.0,0.024823277443647318,0.0
8479425,0.08779706844749535,0.0,Filip Hronek,25.0,0.08,0.56,1.097463355593692,0.0
8479442,0.04477715259417884,0.0,Troy Stecher,11.0,0.0,0.09090909090909091,0.04477715259417884,0.0
8479520,0.14268672191782994,0.0,Brandon Duhaime,25.0,0.12,0.04,1.1890560159819161,0.0
8479525,0.33364936250165605,0.0,Ross Colton,24.0,0.20833333333333334,0.2916666666666667,1.601516940007949,0.0
8479533,0.1296947597293182,0.0,Joona Koppanen,9.0,0.0,0.1111111111111111,0.1296947597293182,0.0
8479542,0.45779311360694963,0.0,Brandon Hagel,23.0,0.5652173913043478,0.5217391304347826,0.8099416625353725,0.0
8479576,0.02910941257141524,0.0,Vincent Desharnais,20.0,0.0,0.1,0.02910941257141524,0.0
8479591,0.19588080848213912,0.0,Michael Eyssimont,26.0,0.19230769230769232,0.2692307692307692,1.0185802041071235,0.0
8479619,0.24669718433038448,0.0,Michael Carcone,23.0,0.17391304347826086,0.17391304347826086,1.4185088098997107,0.0
8479638,0.3034394647926091,0.0,Justin Brazeau,12.0,0.5,0.5,0.6068789295852182,0.0
8479661,0.21855195695892543,0.0,Tanner Jeannot,26.0,0.11538461538461539,0.2692307692307692,1.8941169603106869,0.0
8479671,0.20464920324527397,0.0,Mathieu Olivier,23.0,0.13043478260869565,0.2608695652173913,1.568977224880434,0.0
8479675,0.20277405400494367,0.0,Trevor Moore,23.0,0.13043478260869565,0.2608695652173913,1.554601080704568,0.0
8479705,0.44240811862982793,0.0,Jeffrey Viel,8.0,0.0,0.0,0.44240811862982793,0.0
8479772,0.27868476230651124,0.0,Zack MacEwen,3.0,0.0,0.0,0.27868476230651124,0.0
8479941,0.10459612356498824,0.0,Justin Danforth,4.0,0.0,0.0,0.10459612356498824,0.0
8479944,0.1178047533945313,0.0,Zachary Aston-Reese,16.0,0.0,0.1875,0.1178047533945313,0.0
8479977,0.26918225813036156,0.0,Kailer Yamamoto,17.0,0.17647058823529413,0.17647058823529413,1.5253661294053822,0.0
8479980,0.06846333091380065,0.0,Nicolas Hague,16.0,0.0625,0.1875,1.0954132946208104,0.0
8479981,0.07346825286125137,0.0,Jonah Gadjovich,10.0,0.0,0.3,0.07346825286125137,0.0
8479982,0.04519755787415688,0.0,Conor Timmins,24.0,0.0,0.20833333333333334,0.04519755787415688,0.0
8479983,0.05259454295110809,0.0,Mario Ferraro,25.0,0.04,0.2,1.3148635737777021,0.0
8479985,0.04040090739727007,0.0,Cale Fleury,4.0,0.0,0.25,0.04040090739727007,0.0
8479987,0.33515987183237733,0.0,Morgan Geekie,26.0,0.6923076923076923,0.23076923076923078,0.4841198148689895,0.0
8479992,0.2333398793654685,0.0,Michael Rasmussen,20.0,0.15,0.2,1.5555991957697899,0.0
8479996,0.1829433368518948,0.0,Cody Glass,13.0,0.3076923076923077,0.0,0.594565844768658,0.0
8479998,0.05974337162915609,0.0,Mikey Anderson,24.0,0.041666666666666664,0.20833333333333334,1.4338409190997463,0.0
8479999,0.16807271263219015,0.0,Casey Mittelstadt,16.0,0.3125,0.3125,0.5378326804230085,0.0
8480001,0.038446789762626006,0.0,Urho Vaakanainen,16.0,0.0,0.1875,0.038446789762626006,0.0
8480002,0.3928102175705134,0.0,Nico Hischier,24.0,0.375,0.5416666666666666,1.047493913521369,0.0
8480003,0.16309298337437203,0.0,Jesper Boqvist,24.0,0.125,0.125,1.3047438669949762,0.0
8480009,0.21445598277764816,0.0,Eeli Tolvanen,23.0,0.13043478260869565,0.34782608695652173,1.644162534628636,0.0
8480012,0.3406623032254476,0.0,Elias Pettersson,25.0,0.32,0.56,1.0645696975795238,0.0
8480014,0.42397690447116326,0.0,Gabriel Vilardi,23.0,0.43478260869565216,0.391304347826087,0.9751468802836756,0.0
8480015,0.29357396402499725,0.0,Owen Tippett,23.0,0.2608695652173913,0.34782608695652173,1.1253668620958228,0.0
8480018,0.315661576704989,0.0,Nick Suzuki,23.0,0.30434782608695654,0.8695652173913043,1.037173752030678,0.0
8480023,0.1523262588479728,0.0,Robert Thomas,21.0,0.19047619047619047,0.5238095238095238,0.7997128589518572,0.0
8480027,0.5468725514928657,0.0,Jason Robertson,25.0,0.6,0.68,0.9114542524881096,0.0
8480028,0.29393787166502844,0.0,Morgan Frost,26.0,0.23076923076923078,0.3076923076923077,1.2737307772151232,0.0
8480035,0.06351268928694086,0.0,Henri Jokiharju,25.0,0.0,0.24,0.06351268928694086,0.0
8480036,0.1398453864135911,0.0,Miro Heiskanen,25.0,0.12,0.76,1.1653782201132592,0.0
8480039,0.34198477122211635,0.0,Martin Necas,24.0,0.5416666666666666,0.7083333333333334,0.6313565007177533,0.0
8480043,0.06952749699768085,0.0,Timothy Liljegren,19.0,0.0,0.21052631578947367,0.06952749699768085,0.0
8480049,0.059701272787956006,0.0,Dylan Samberg,7.0,0.0,0.0,0.059701272787956006,0.0
8480058,0.049374680500477476,0.0,P.O Joseph,9.0,0.0,0.1111111111111111,0.049374680500477476,0.0
8480064,0.3266569051891564,0.0,Josh Norris,1.0,0.0,0.0,0.3266569051891564,0.0
8480068,0.225479514338076,0.0,Ryan Poehling,17.0,0.058823529411764705,0.29411764705882354,3.833151743747292,0.0
8480069,0.21211107817168015,0.0,Cale Makar,24.0,0.375,0.9166666666666666,0.5656295417911471,0.0
8480074,0.18464027640099315,0.0,Alexandre Texier,9.0,0.0,0.2222222222222222,0.18464027640099315,0.0
8480078,0.37477382117261476,0.0,Filip Chytil,6.0,0.5,0.0,0.7495476423452295,0.0
8480084,0.10167715853701026,0.0,Nick DeSimone,9.0,0.2222222222222222,0.1111111111111111,0.4575472134165462,0.0
8480113,0.32569664433741785,0.0,Alex Iafallo,23.0,0.17391304347826086,0.17391304347826086,1.8727557049401526,0.0
8480144,0.20267568354029203,0.0,David Kampf,5.0,0.0,0.0,0.20267568354029203,0.0
8480145,0.06481368560343967,0.0,Neal Pionk,21.0,0.047619047619047616,0.19047619047619047,1.361087397672233,0.0
8480185,0.25155908812303085,0.0,Eetu Luostarinen,18.0,0.16666666666666666,0.3888888888888889,1.509354528738185,0.0
8480188,0.24676478640348812,0.0,Fabian Zetterlund,24.0,0.16666666666666666,0.125,1.4805887184209288,0.0
8480196,0.06699814051389688,0.0,Jacob Bryson,14.0,0.07142857142857142,0.14285714285714285,0.9379739671945564,0.0
8480208,0.3387823970988391,0.0,Drake Batherson,21.0,0.38095238095238093,0.6190476190476191,0.8893037923844528,0.0
8480220,0.34844203583466304,0.0,Noah Cates,23.0,0.21739130434782608,0.34782608695652173,1.6028333648394502,0.0
8480245,0.3187519228085875,0.0,Olle Lycksell,6.0,0.16666666666666666,0.0,1.912511536851525,0.0
8480246,0.06894612926989786,0.0,Nick Perbix,24.0,0.08333333333333333,0.08333333333333333,0.8273535512387744,0.0
8480259,0.18592229849574238,0.0,Ben Jones,13.0,0.0,0.0,0.18592229849574238,0.0
8480281,0.18614206762452204,0.0,Alexey Toropchenko,16.0,0.0625,0.0625,2.9782730819923526,0.0
8480289,0.18684359320572436,0.0,Morgan Barron,17.0,0.17647058823529413,0.17647058823529413,1.0587803614991047,0.0
8480336,0.11993131737014445,0.0,Sean Walker,24.0,0.16666666666666666,0.16666666666666666,0.7195879042208667,0.0
8480355,0.27542302738530205,0.0,Mark Kastelic,26.0,0.15384615384615385,0.15384615384615385,1.7902496780044632,0.0
8480426,0.08263029226739146,0.0,Charle-Edouard D'Astous,17.0,0.11764705882352941,0.29411764705882354,0.7023574842728274,0.0
8480434,0.13236083288211362,0.0,Sean Durzi,4.0,0.0,0.25,0.13236083288211362,0.0
8480448,0.24012975555590596,0.0,Parker Kelly,24.0,0.20833333333333334,0.25,1.1526228266683485,0.0
8480459,0.28447774578151946,0.0,Pius Suter,25.0,0.24,0.24,1.1853239407563312,0.0
8480727,0.06632613586752029,0.0,Zach Whitecloud,24.0,0.0,0.125,0.06632613586752029,0.0
8480748,0.3409262595698236,0.0,Kiefer Sherwood,25.0,0.48,0.16,0.7102630407704659,0.0
8480762,0.26324285860908647,0.0,Eric Robinson,18.0,0.2777777777777778,0.1111111111111111,0.9476742909927113,0.0
8480796,0.08040697856441777,0.0,Martin Fehrvry,25.0,0.08,0.24,1.005087232055222,0.0
8480797,0.2900678623053761,0.0,Joel Farabee,26.0,0.2692307692307692,0.23076923076923078,1.0773949171342543,0.0
8480798,0.23180575890000896,0.0,Philipp Kurashev,23.0,0.2608695652173913,0.30434782608695654,0.8885887424500344,0.0
8480800,0.16196107743307922,0.0,Quinn Hughes,20.0,0.1,1.0,1.6196107743307921,0.0
8480801,0.469441066858255,0.0,Brady Tkachuk,4.0,0.0,1.0,0.469441066858255,0.0
8480802,0.1897822224907576,0.0,Ryan McLeod,24.0,0.20833333333333334,0.375,0.9109546679556364,0.0
8480803,0.20659315842203776,0.0,Evan Bouchard,25.0,0.16,0.68,1.291207240137736,0.0
8480806,0.13223732414802433,0.0,Isac Lundestrm,24.0,0.0,0.08333333333333333,0.13223732414802433,0.0
8480807,0.07801970929306523,0.0,Mattias Samuelsson,22.0,0.22727272727272727,0.3181818181818182,0.34328672088948703,0.0
8480813,0.17360915821045625,0.0,Joe Veleno,18.0,0.05555555555555555,0.0,3.124964847788213,0.0
8480817,0.12565139183689908,0.0,K'Andre Miller,18.0,0.1111111111111111,0.5,1.1308625265320917,0.0
8480825,0.043744778260588604,0.0,Patrick Giles,3.0,0.0,0.3333333333333333,0.043744778260588604,0.0
8480828,0.04172668730219197,0.0,Michael Callahan,3.0,0.0,0.0,0.04172668730219197,0.0
8480829,0.1530685109798522,0.0,Jesperi Kotkaniemi,15.0,0.13333333333333333,0.2,1.1480138323488915,0.0
8480830,0.3637904188625753,0.0,Andrei Svechnikov,24.0,0.2916666666666667,0.2916666666666667,1.247281436100258,0.0
8480831,0.028898722647378743,0.0,Alec Regula,11.0,0.0,0.0,0.028898722647378743,0.0
8480834,0.030504609677283145,0.0,Ty Emberson,20.0,0.05,0.15,0.6100921935456629,0.0
8480835,0.21982235774899322,0.0,Jack Drury,24.0,0.16666666666666666,0.20833333333333334,1.3189341464939595,0.0
8480839,0.16733341436062374,0.0,Rasmus Dahlin,21.0,0.047619047619047616,0.7142857142857143,3.5140017015730987,0.0
8480840,0.22256780009378077,0.0,Oskar Bck,15.0,0.06666666666666667,0.13333333333333333,3.3385170014067116,0.0
8480842,0.3407879472625525,0.0,Filip Hallander,13.0,0.07692307692307693,0.23076923076923078,4.4302433144131825,0.0
8480848,0.20954626249149436,0.0,Ty Dellandrea,25.0,0.08,0.24,2.6193282811436793,0.0
8480849,0.2857053641472821,0.0,Barrett Hayton,22.0,0.13636363636363635,0.09090909090909091,2.0951726704134024,0.0
8480855,0.27669128116220226,0.0,Jack McBain,25.0,0.08,0.12,3.458641014527528,0.0
8480860,0.06079657672948772,0.0,Kevin Bahl,25.0,0.12,0.12,0.5066381394123977,0.0
8480865,0.10857706328991924,0.0,Noah Dobson,23.0,0.13043478260869565,0.5652173913043478,0.8324241518893809,0.0
8480871,0.027798941669364734,0.0,Adam Boqvist,10.0,0.0,0.1,0.027798941669364734,0.0
8480873,0.06907979610630045,0.0,Rasmus Sandin,20.0,0.1,0.25,0.6907979610630045,0.0
8480874,0.07007557479664671,0.0,Adam Ginning,5.0,0.0,0.0,0.07007557479664671,0.0
8480876,0.11709915354731486,0.0,Curtis Douglas,18.0,0.0,0.1111111111111111,0.11709915354731486,0.0
8480878,0.05765480330834777,0.0,Nils Lundkvist,4.0,0.25,0.5,0.23061921323339107,0.0
8480879,0.07091187234394815,0.0,Jacob Bernard-Docker,13.0,0.0,0.07692307692307693,0.07091187234394815,0.0
8480887,0.04814173094928252,0.0,Jordan Harris,5.0,0.2,0.2,0.2407086547464126,0.0
8480891,0.07821177091035565,0.0,Michael Kesselring,9.0,0.0,0.0,0.07821177091035565,0.0
8480893,0.40887290304871593,0.0,Kirill Marchenko,22.0,0.36363636363636365,0.6363636363636364,1.1244004833839687,0.0
8480950,0.02997157629579298,0.0,Ilya Lyubushkin,17.0,0.0,0.23529411764705882,0.02997157629579298,0.0
8480980,0.18145393792332865,0.0,Connor Dewar,23.0,0.21739130434782608,0.13043478260869565,0.8346881144473118,0.0
8480990,0.03939744330603962,0.0,Declan Chisholm,10.0,0.0,0.1,0.03939744330603962,0.0
8480995,0.19873956286094396,0.0,Pontus Holmberg,17.0,0.058823529411764705,0.29411764705882354,3.3785725686360473,0.0
8481006,0.03521476650521862,0.0,Tyler Tucker,23.0,0.043478260869565216,0.13043478260869565,0.8099396296200283,0.0
8481013,0.22730859656902866,0.0,Jonatan Berggren,14.0,0.14285714285714285,0.2857142857142857,1.5911601759832008,0.0
8481014,0.051301344727667376,0.0,Alexander Romanov,15.0,0.0,0.06666666666666667,0.051301344727667376,0.0
8481024,0.30517524655442674,0.0,Linus Karlsson,22.0,0.18181818181818182,0.18181818181818182,1.678463856049347,0.0
8481032,0.19920117579749774,0.0,Paul Cotter,24.0,0.08333333333333333,0.16666666666666666,2.390414109569973,0.0
8481043,0.15707133359768805,0.0,Cole Koepke,16.0,0.0,0.125,0.15707133359768805,0.0
8481056,0.03804154554381958,0.0,Spencer Stastney,24.0,0.041666666666666664,0.25,0.91299709305167,0.0
8481068,0.24967091505487368,0.0,Yegor Sharangovich,22.0,0.13636363636363635,0.18181818181818182,1.8309200437357405,0.0
8481122,0.056339914665410336,0.0,Simon Benoit,23.0,0.0,0.08695652173913043,0.056339914665410336,0.0
8481133,0.13865417335182423,0.0,Cole Reinhardt,16.0,0.0625,0.125,2.2184667736291876,0.0
8481161,0.03537090290337793,0.0,Jake Christiansen,19.0,0.0,0.05263157894736842,0.03537090290337793,0.0
8481167,0.04077386341112493,0.0,Brayden Pachal,19.0,0.0,0.15789473684210525,0.04077386341112493,0.0
8481178,0.03278417035471639,0.0,Egor Zamula,10.0,0.0,0.1,0.03278417035471639,0.0
8481219,0.033727619176109565,0.0,Jonathan Aspirot,13.0,0.0,0.0,0.033727619176109565,0.0
8481237,0.09403587892078431,0.0,Kyle MacLean,11.0,0.0,0.09090909090909091,0.09403587892078431,0.0
8481477,0.19777853460982434,0.0,Nico Sturm,3.0,0.3333333333333333,0.0,0.593335603829473,0.0
8481481,0.1909415530739351,0.0,Blake Lizotte,23.0,0.13043478260869565,0.043478260869565216,1.4638852402335025,0.0
8481491,0.14417193943841583,0.0,Noah Philp,15.0,0.13333333333333333,0.06666666666666667,1.0812895457881186,0.0
8481522,0.15915450620065835,0.0,Peyton Krebs,24.0,0.0,0.25,0.15915450620065835,0.0
8481523,0.2666337577626108,0.0,Kirby Dach,15.0,0.3333333333333333,0.13333333333333333,0.7999012732878323,0.0
8481524,0.1636772885608175,0.0,Bowen Byram,24.0,0.16666666666666666,0.2916666666666667,0.9820637313649051,0.0
8481525,0.047715083044022236,0.0,Matthew Robertson,17.0,0.058823529411764705,0.058823529411764705,0.811156411748378,0.0
8481527,0.06532544646736063,0.0,Kaedan Korczak,24.0,0.08333333333333333,0.041666666666666664,0.7839053576083276,0.0
8481528,0.29914103621350857,0.0,Dylan Cozens,24.0,0.3333333333333333,0.3333333333333333,0.8974231086405258,0.0
8481532,0.2213840096257626,0.0,Alex Turcotte,23.0,0.043478260869565216,0.13043478260869565,5.09183222139254,0.0
8481533,0.3507861024527636,0.0,Trevor Zegras,23.0,0.34782608695652173,0.6086956521739131,1.0085100445516955,0.0
8481540,0.4139375794871612,0.0,Cole Caufield,23.0,0.6086956521739131,0.4782608695652174,0.680040309157479,0.0
8481542,0.11004515384034846,0.0,Moritz Seider,25.0,0.12,0.52,0.9170429486695706,0.0
8481546,0.09665293761185902,0.0,Cam York,20.0,0.05,0.5,1.9330587522371803,0.0
8481553,0.2937608994640564,0.0,Bobby Brink,23.0,0.2608695652173913,0.17391304347826086,1.1260834479455497,0.0
8481554,0.19254569692367848,0.0,Kaapo Kakko,7.0,0.14285714285714285,0.0,1.3478198784657494,0.0
8481556,0.20428921033938716,0.0,John Beecher,11.0,0.09090909090909091,0.09090909090909091,2.247181313733259,0.0
8481557,0.47106091056775745,0.0,Matt Boldy,25.0,0.56,0.56,0.8411801974424239,0.0
8481559,0.4604357211501335,0.0,Jack Hughes,17.0,0.5882352941176471,0.5882352941176471,0.7827407259552269,0.0
8481560,0.2231964436359702,0.0,Arthur Kaliyev,2.0,0.0,0.5,0.2231964436359702,0.0
8481562,0.0546997664496301,0.0,Domenick Fensore,1.0,0.0,0.0,0.0546997664496301,0.0
8481563,0.045926198083907285,0.0,Drew Helleson,24.0,0.08333333333333333,0.2916666666666667,0.5511143770068875,0.0
8481564,0.0247065294533967,0.0,Ryan Johnson,3.0,0.0,0.0,0.0247065294533967,0.0
8481568,0.05183712948663997,0.0,Alex Vlasic,23.0,0.08695652173913043,0.13043478260869565,0.5961269890963596,0.0
8481577,0.20032208075281227,0.0,Philip Tomasino,9.0,0.0,0.1111111111111111,0.20032208075281227,0.0
8481580,0.33297233745731675,0.0,Connor McMichael,25.0,0.16,0.4,2.0810771091082296,0.0
8481581,0.11175959911197413,0.0,Thomas Harley,18.0,0.05555555555555555,0.5,2.011672784015534,0.0
8481582,0.1805151006063589,0.0,Nicholas Robertson,23.0,0.21739130434782608,0.2608695652173913,0.830369462789251,0.0
8481591,0.11221007118001561,0.0,Sam Poulin,2.0,0.0,0.0,0.11221007118001561,0.0
8481592,0.239469302818179,0.0,Jakob Pelletier,1.0,0.0,0.0,0.239469302818179,0.0
8481593,0.04813125252258028,0.0,Jayden Struble,19.0,0.0,0.21052631578947367,0.04813125252258028,0.0
8481596,0.4549565320619596,0.0,Shane Pinto,24.0,0.5,0.25,0.9099130641239191,0.0
8481598,0.1177121098511493,0.0,Philip Broberg,25.0,0.08,0.28,1.4714013731393663,0.0
8481601,0.1909969592733042,0.0,Simon Holmstrom,24.0,0.16666666666666666,0.20833333333333334,1.1459817556398253,0.0
8481604,0.42101603115362835,0.0,Pavel Dorofeyev,24.0,0.4583333333333333,0.20833333333333334,0.9185804316079165,0.0
8481605,0.15410780890619946,0.0,Jackson LaCombe,24.0,0.125,0.4583333333333333,1.2328624712495957,0.0
8481606,0.11884231561500763,0.0,Jordan Spence,15.0,0.06666666666666667,0.4666666666666667,1.7826347342251145,0.0
8481607,0.0575403186746618,0.0,Albert Johansson,25.0,0.0,0.08,0.0575403186746618,0.0
8481609,0.0446197791025042,0.0,Vladislav Kolyachonok,6.0,0.16666666666666666,0.16666666666666666,0.2677186746150252,0.0
8481617,0.1964711277456632,0.0,Vasily Podkolzin,25.0,0.16,0.24,1.227944548410395,0.0
8481618,0.23380288320393955,0.0,Alex Newhook,17.0,0.35294117647058826,0.35294117647058826,0.6624415024111621,0.0
8481624,0.20314125508929665,0.0,Ilya Mikheyev,22.0,0.18181818181818182,0.13636363636363635,1.1172769029911316,0.0
8481641,0.2377296904368059,0.0,Joel Kiviranta,7.0,0.14285714285714285,0.0,1.6641078330576413,0.0
8481655,0.2299201276153325,0.0,Cole Schwindt,10.0,0.2,0.0,1.1496006380766626,0.0
8481656,0.29185973789675945,0.0,Aliaksei Protas,25.0,0.24,0.36,1.2160822412364978,0.0
8481704,0.1323061474937606,0.0,Juuso Parssinen,14.0,0.14285714285714285,0.07142857142857142,0.9261430324563242,0.0
8481711,0.14828734227921805,0.0,Matias Maccelli,22.0,0.18181818181818182,0.22727272727272727,0.8155803825356993,0.0
8481712,0.13916997611522666,0.0,Matj  Blmel,4.0,0.0,0.0,0.13916997611522666,0.0
8481716,0.4167462770289194,0.0,Dmitri Voronkov,25.0,0.36,0.36,1.157628547302554,0.0
8481719,0.08226876528086977,0.0,Max Crozier,8.0,0.0,0.375,0.08226876528086977,0.0
8481721,0.2174680654846676,0.0,Arseny Gritsyuk,24.0,0.25,0.25,0.8698722619386704,0.0
8481725,0.2047803554683923,0.0,Elmer Soderblom,12.0,0.08333333333333333,0.0,2.4573642656207078,0.0
8481726,0.14890286635215338,0.0,Adam Edstrom,23.0,0.08695652173913043,0.08695652173913043,1.712382963049764,0.0
8481754,0.14506519785047398,0.0,Nikita Nesterenko,22.0,0.045454545454545456,0.3181818181818182,3.191434352710427,0.0
8481789,0.12513018620666108,0.0,Tye Kartye,23.0,0.08695652173913043,0.08695652173913043,1.4389971413766025,0.0
8481806,0.047578683122992425,0.0,Louis Crevier,23.0,0.08695652173913043,0.34782608695652173,0.5471548559144129,0.0
8481848,0.11394726981719332,0.0,Jacob Gaucher,3.0,0.0,0.0,0.11394726981719332,0.0
8482055,0.19460758434322006,0.0,Drew O'Connor,25.0,0.28,0.16,0.6950270869400715,0.0
8482062,0.24285462653885273,0.0,Cole Smith,13.0,0.23076923076923078,0.0,1.0523700483350285,0.0
8482070,0.27509713002170116,0.0,Mitchell Chaffee,7.0,0.0,0.0,0.27509713002170116,0.0
8482072,0.08826218964532016,0.0,Jack Ahcan,6.0,0.0,0.16666666666666666,0.08826218964532016,0.0
8482073,0.05724089196883134,0.0,Braden Schneider,26.0,0.038461538461538464,0.15384615384615385,1.4882631911896147,0.0
8482074,0.19950756881627485,0.0,Connor Zary,24.0,0.08333333333333333,0.08333333333333333,2.394090825795298,0.0
8482077,0.245283060070748,0.0,Dylan Holloway,25.0,0.24,0.24,1.0220127502947833,0.0
8482078,0.2806872770328211,0.0,Lucas Raymond,23.0,0.30434782608695654,0.8260869565217391,0.9222581959649835,0.0
8482079,0.28916463954374183,0.0,Marco Rossi,17.0,0.23529411764705882,0.5294117647058824,1.2289497180609028,0.0
8482087,0.14073378732427935,0.0,Kaiden Guhle,5.0,0.2,0.2,0.7036689366213967,0.0
8482088,0.19865964458364496,0.0,Justin Sourdif,25.0,0.12,0.12,1.6554970381970413,0.0
8482089,0.30878262026235453,0.0,Jake Neighbours,13.0,0.46153846153846156,0.23076923076923078,0.6690290105684348,0.0
8482090,0.25548926581229475,0.0,Jack Finley,9.0,0.1111111111111111,0.1111111111111111,2.2994033923106527,0.0
8482092,0.2760282816915687,0.0,Ridly Greig,19.0,0.10526315789473684,0.3157894736842105,2.6222686760699028,0.0
8482093,0.4593929685577148,0.0,Seth Jarvis,24.0,0.625,0.2916666666666667,0.7350287496923437,0.0
8482094,0.0610450510866939,0.0,Daemon Hunt,7.0,0.0,0.14285714285714285,0.0610450510866939,0.0
8482095,0.04890591147440389,0.0,Tyler Kleven,22.0,0.0,0.09090909090909091,0.04890591147440389,0.0
8482097,0.2649307925584575,0.0,Jack Quinn,24.0,0.25,0.2916666666666667,1.05972317023383,0.0
8482100,0.11525841422379003,0.0,Alexander Nikishin,23.0,0.13043478260869565,0.2608695652173913,0.8836478423823902,0.0
8482103,0.14966473164968186,0.0,Ozzy Wiesblatt,21.0,0.0,0.14285714285714285,0.14966473164968186,0.0
8482105,0.14380293392709304,0.0,Jake Sanderson,24.0,0.16666666666666666,0.625,0.8628176035625582,0.0
8482109,0.2705634570214896,0.0,Alexis Lafrenire,26.0,0.23076923076923078,0.3076923076923077,1.1724416470931216,0.0
8482110,0.3029279072833214,0.0,Dawson Mercer,24.0,0.375,0.375,0.8078077527555237,0.0
8482111,0.13070197883420256,0.0,Justin Barron,19.0,0.0,0.21052631578947367,0.13070197883420256,0.0
8482113,0.2778181253732846,0.0,Anton Lundell,24.0,0.25,0.5416666666666666,1.1112725014931384,0.0
8482116,0.35243520982287535,0.0,Tim Sttzle,24.0,0.4583333333333333,0.5,0.7689495487044553,0.0
8482117,0.22383351108202557,0.0,Lukas Reichel,19.0,0.10526315789473684,0.15789473684210525,2.126418355279243,0.0
8482118,0.08153696805238721,0.0,Sam Colangelo,7.0,0.14285714285714285,0.0,0.5707587763667105,0.0
8482122,0.11423036642372593,0.0,Brock Faber,25.0,0.24,0.36,0.47595986009885805,0.0
8482124,0.2783539199580748,0.0,Quinton Byfield,24.0,0.16666666666666666,0.5833333333333334,1.6701235197484487,0.0
8482125,0.28460517858288104,0.0,Alexander Holtz,7.0,0.0,0.0,0.28460517858288104,0.0
8482126,0.10582849079122134,0.0,Emil Andrae,13.0,0.07692307692307693,0.38461538461538464,1.3757703802858774,0.0
8482131,0.03331000078469505,0.0,Donovan Sebrango,10.0,0.0,0.2,0.03331000078469505,0.0
8482132,0.2721980529216428,0.0,Brett Berard,3.0,0.0,0.0,0.2721980529216428,0.0
8482142,0.10227896295310474,0.0,Jamie Drysdale,23.0,0.08695652173913043,0.34782608695652173,1.1762080739607046,0.0
8482145,0.19642356633474775,0.0,Mavrik Bourque,25.0,0.12,0.2,1.6368630527895647,0.0
8482146,0.2572681205180871,0.0,Luke Evangelista,23.0,0.13043478260869565,0.5217391304347826,1.9723889239720014,0.0
8482148,0.19727507401257743,0.0,Hendrix Lapierre,24.0,0.0,0.20833333333333334,0.19727507401257743,0.0
8482149,0.2385975530487484,0.0,Cole Perfetti,9.0,0.1111111111111111,0.2222222222222222,2.147377977438736,0.0
8482155,0.2636315185144276,0.0,Alex Laferriere,24.0,0.25,0.20833333333333334,1.0545260740577105,0.0
8482157,0.3167383648808401,0.0,Will Cuylle,26.0,0.2692307692307692,0.3076923076923077,1.1764567838431206,0.0
8482159,0.20996180269867173,0.0,Tyson Foerster,19.0,0.47368421052631576,0.15789473684210525,0.4432526945860848,0.0
8482165,0.06215848687237919,0.0,Yan Kuznetsov,12.0,0.08333333333333333,0.16666666666666666,0.7459018424685503,0.0
8482166,0.03655776420297714,0.0,Shakir Mukhamadullin,12.0,0.08333333333333333,0.3333333333333333,0.4386931704357257,0.0
8482172,0.1689947377890348,0.0,Landon Slaggert,10.0,0.1,0.0,1.6899473778903478,0.0
8482175,0.1879472709825318,0.0,JJ Peterka,25.0,0.36,0.28,0.522075752729255,0.0
8482176,0.09708167905254014,0.0,Wyatt Kaiser,24.0,0.0,0.16666666666666666,0.09708167905254014,0.0
8482177,0.21522893472329557,0.0,Marat Khusnutdinov,21.0,0.14285714285714285,0.14285714285714285,1.5066025430630692,0.0
8482178,0.1009180332844455,0.0,Ian Moore,15.0,0.13333333333333333,0.06666666666666667,0.7568852496333413,0.0
8482201,0.15412424852777462,0.0,Gage Goncalves,24.0,0.08333333333333333,0.16666666666666666,1.8494909823332955,0.0
8482206,0.0959660150110721,0.0,Ethan Cardwell,4.0,0.25,0.0,0.3838640600442884,0.0
8482209,0.40091153606772406,0.0,Rory Kerins,2.0,0.0,0.0,0.40091153606772406,0.0
8482245,0.06812525253095048,0.0,Artem Zub,24.0,0.08333333333333333,0.3333333333333333,0.8175030303714057,0.0
8482259,0.21031842509714443,0.0,Bobby McMann,24.0,0.20833333333333334,0.125,1.0095284404662932,0.0
8482408,0.1861009174026548,0.0,Jeff Malott,17.0,0.11764705882352941,0.0,1.5818577979225659,0.0
8482460,0.25901581098635984,0.0,Matt Rempe,9.0,0.1111111111111111,0.0,2.331142298877239,0.0
8482470,0.03870784863829602,0.0,Ilya Solovyov,9.0,0.0,0.0,0.03870784863829602,0.0
8482475,0.20174057989874297,0.0,Yegor Chinakhov,19.0,0.10526315789473684,0.10526315789473684,1.9165355090380582,0.0
8482476,0.30866735611624746,0.0,Emil Heineman,25.0,0.4,0.24,0.7716683902906186,0.0
8482482,0.09833868559715994,0.0,Adam Wilsby,15.0,0.0,0.13333333333333333,0.09833868559715994,0.0
8482496,0.0720603838562965,0.0,Nils Aman,2.0,0.0,0.0,0.0720603838562965,0.0
8482511,0.06568346372140296,0.0,Mason Lohrei,21.0,0.09523809523809523,0.38095238095238093,0.6896763690747312,0.0
8482516,0.07538255471736185,0.0,Matthew Kessel,14.0,0.14285714285714285,0.0,0.5276778830215331,0.0
8482623,0.19457343779504296,0.0,Josh Dunne,16.0,0.0625,0.0625,3.1131750047206874,0.0
8482624,0.0094304559752345,0.0,Daniil Miromanov,1.0,0.0,0.0,0.0094304559752345,0.0
8482634,0.17565036565065376,0.0,Alex Steeves,10.0,0.3,0.1,0.5855012188355125,0.0
8482655,0.08886646728729822,0.0,J.J. Moser,22.0,0.045454545454545456,0.2727272727272727,1.9550622803205608,0.0
8482659,0.38572896681725966,0.0,Josh Doan,24.0,0.2916666666666667,0.3333333333333333,1.322499314802033,0.0
8482660,0.21075230835143605,0.0,Kent Johnson,24.0,0.08333333333333333,0.125,2.5290277002172328,0.0
8482665,0.295610292492291,0.0,Matty Beniers,23.0,0.13043478260869565,0.4782608695652174,2.266345575774231,0.0
8482666,0.04127719990598647,0.0,Scott Morrow,4.0,0.0,0.25,0.04127719990598647,0.0
8482667,0.2989533666986971,0.0,William Eklund,21.0,0.2857142857142857,0.42857142857142855,1.04633678344544,0.0
8482671,0.0868196640613263,0.0,Owen Power,23.0,0.08695652173913043,0.21739130434782608,0.9984261367052524,0.0
8482679,0.3698904690931416,0.0,Matt Coronato,25.0,0.32,0.24,1.1559077159160676,0.0
8482684,0.1502178643174744,0.0,Luke Hughes,24.0,0.041666666666666664,0.5416666666666666,3.6052287436193855,0.0
8482691,0.21194046376539116,0.0,Aatu Raty,22.0,0.045454545454545456,0.22727272727272727,4.662690202838605,0.0
8482698,0.07861956954002369,0.0,Tristan Broz,1.0,0.0,0.0,0.07861956954002369,0.0
8482699,0.3579961803531453,0.0,Dylan Guenther,25.0,0.36,0.4,0.9944338343142926,0.0
8482702,0.29547088268887367,0.0,Logan Stankoven,24.0,0.20833333333333334,0.25,1.4182602369065935,0.0
8482703,0.21215418010950077,0.0,Colton Dach,24.0,0.08333333333333333,0.125,2.5458501613140094,0.0
8482705,0.22613431225289335,0.0,Cole Sillinger,24.0,0.08333333333333333,0.2916666666666667,2.7136117470347205,0.0
8482713,0.28904291236092533,0.0,Mackie Samoskevich,24.0,0.125,0.375,2.3123432988874026,0.0
8482720,0.4370040408457102,0.0,Matthew Knies,21.0,0.2857142857142857,0.8571428571428571,1.529514142959986,0.0
8482726,0.21713226661086074,0.0,Samuel Helenius,3.0,0.0,0.0,0.21713226661086074,0.0
8482730,0.1212639448650437,0.0,Brandt Clarke,24.0,0.125,0.375,0.9701115589203496,0.0
8482733,0.055444189595679365,0.0,Logan Mailloux,12.0,0.0,0.08333333333333333,0.055444189595679365,0.0
8482737,0.23696138566759006,0.0,Zack Bolduc,23.0,0.2608695652173913,0.2608695652173913,0.9083519783924286,0.0
8482740,0.4474188949291903,0.0,Wyatt Johnston,25.0,0.52,0.52,0.8604209517869044,0.0
8482745,0.3511077849804583,0.0,Mason McTavish,24.0,0.20833333333333334,0.5,1.6853173679061997,0.0
8482747,0.0602016858756542,0.0,Brennan Othmann,1.0,0.0,0.0,0.0602016858756542,0.0
8482749,0.0664331251755356,0.0,Joshua Roy,3.0,0.0,0.0,0.0664331251755356,0.0
8482751,0.11613438813947133,0.0,Ryan Winterton,23.0,0.08695652173913043,0.08695652173913043,1.3355454636039203,0.0
8482758,0.2238600861414202,0.0,Ville Koivunen,13.0,0.0,0.15384615384615385,0.2238600861414202,0.0
8482762,0.08529717479409132,0.0,Simon Edvinsson,22.0,0.13636363636363635,0.18181818181818182,0.6255126151566698,0.0
8482765,0.29876861282225153,0.0,Isak Rosen,10.0,0.3,0.4,0.9958953760741718,0.0
8482768,0.16671425630540943,0.0,Fedor Svechkov,22.0,0.045454545454545456,0.09090909090909091,3.6677136387190075,0.0
8482775,0.2670141962500145,0.0,Oliver Kapanen,23.0,0.30434782608695654,0.21739130434782608,0.8773323591071904,0.0
8482785,0.05531308054924005,0.0,Justin Robidas,2.0,0.0,0.5,0.05531308054924005,0.0
8482787,0.1262783575803041,0.0,Nikita Chibrikov,8.0,0.0,0.0,0.1262783575803041,0.0
8482803,0.13157420161379754,0.0,Olen Zellweger,24.0,0.16666666666666666,0.20833333333333334,0.7894452096827853,0.0
8482807,0.0146995456889271,0.0,Ethan Del Mastro,1.0,0.0,0.0,0.0146995456889271,0.0
8482809,0.4360110071600124,0.0,Jackson Blake,24.0,0.25,0.375,1.7440440286400496,0.0
8482858,0.037031628734742535,0.0,Ryker Evans,10.0,0.2,0.4,0.18515814367371267,0.0
8482859,0.2016198646277189,0.0,Zack Ostapchuk,7.0,0.0,0.0,0.2016198646277189,0.0
8482861,0.029419670812785598,0.0,Vincent Iorio,7.0,0.0,0.0,0.029419670812785598,0.0
8482877,0.3199550534288088,0.0,Jaroslav Chmelar,2.0,0.0,0.0,0.3199550534288088,0.0
8482896,0.1554390085861086,0.0,Tyson Kozak,18.0,0.1111111111111111,0.1111111111111111,1.3989510772749774,0.0
8482911,0.0582757132421982,0.0,Joel Nystrom,18.0,0.0,0.16666666666666666,0.0582757132421982,0.0
8482929,0.07455915990083105,0.0,Emil Lilleberg,24.0,0.08333333333333333,0.125,0.8947099188099726,0.0
8482947,0.11754522776852044,0.0,Zakhar Bardakov,19.0,0.05263157894736842,0.21052631578947367,2.2333593276018884,0.0
8482953,0.3685219641774891,0.0,Taylor Makar,3.0,0.0,0.0,0.3685219641774891,0.0
8482964,0.032219358131681565,0.0,Arber Xhekaj,21.0,0.0,0.047619047619047616,0.032219358131681565,0.0
8483039,0.11022979797174522,0.0,Tristen Nielsen,4.0,0.0,0.25,0.11022979797174522,0.0
8483395,0.1884297984768636,0.0,Arshdeep Bains,20.0,0.0,0.15,0.1884297984768636,0.0
8483398,0.07313662301748985,0.0,Declan Carlile,6.0,0.16666666666666666,0.0,0.4388197381049391,0.0
8483424,0.04658554121851915,0.0,Owen Beck,2.0,0.0,0.0,0.04658554121851915,0.0
8483425,0.06042824918404217,0.0,Lian Bichsel,25.0,0.04,0.08,1.510706229601054,0.0
8483429,0.07731742504984125,0.0,Seamus Casey,2.0,0.0,0.0,0.07731742504984125,0.0
8483431,0.33472029588602725,0.0,Logan Cooley,25.0,0.56,0.36,0.5977148140821915,0.0
8483432,0.11102155761586291,0.0,Luca Del Bel Belluz,7.0,0.0,0.14285714285714285,0.11102155761586291,0.0
8483433,0.1304103342816232,0.0,Jack Devine,5.0,0.0,0.0,0.1304103342816232,0.0
8483445,0.3250835286453364,0.0,Cutter Gauthier,24.0,0.5833333333333334,0.5833333333333334,0.557286049106291,0.0
8483447,0.08837013468146318,0.0,Conor Geekie,6.0,0.0,0.16666666666666666,0.08837013468146318,0.0
8483450,0.2564958573525977,0.0,Ryan Greene,24.0,0.125,0.16666666666666666,2.051966858820782,0.0
8483455,0.14391186769353215,0.0,Isaac Howard,17.0,0.11764705882352941,0.058823529411764705,1.2232508753950233,0.0
8483457,0.15266913592953363,0.0,Lane Hutson,23.0,0.13043478260869565,0.6956521739130435,1.1704633754597578,0.0
8483460,0.0610772195272147,0.0,David Jiricek,12.0,0.0,0.0,0.0610772195272147,0.0
8483464,0.22091498922263433,0.0,Marco Kasper,25.0,0.12,0.0,1.840958243521953,0.0
8483465,0.044711623340845,0.0,Joakim Kemell,2.0,0.0,0.0,0.044711623340845,0.0
8483468,0.2217649453534529,0.0,Jiri Kulich,12.0,0.25,0.16666666666666666,0.8870597814138116,0.0
8483471,0.08769855306794243,0.0,Brad Lambert,4.0,0.25,0.0,0.3507942122717697,0.0
8483476,0.05515726888552298,0.0,Jonathan Lekkerimki,4.0,0.25,0.0,0.2206290755420919,0.0
8483485,0.08738041555751916,0.0,Denton Mateychuk,24.0,0.20833333333333334,0.16666666666666666,0.41942599467609193,0.0
8483489,0.2216576842334249,0.0,Fraser Minten,26.0,0.11538461538461539,0.19230769230769232,1.9210332633563492,0.0
8483490,0.0840783789263743,0.0,Pavel Mintyukov,21.0,0.047619047619047616,0.14285714285714285,1.7656459574538605,0.0
8483493,0.3844082239270209,0.0,Frank Nazar,22.0,0.22727272727272727,0.5,1.691396185278892,0.0
8483495,0.10562625937853685,0.0,Simon Nemec,24.0,0.20833333333333334,0.375,0.5070060450169769,0.0
8483497,0.22442848421633232,0.0,Jani Nyman,15.0,0.2,0.0,1.1221424210816615,0.0
8483499,0.09390689168746268,0.0,Liam Ohgren,12.0,0.0,0.0,0.09390689168746268,0.0
8483500,0.16550626204116262,0.0,Noah Ostlund,16.0,0.1875,0.125,0.882700064219534,0.0
8483503,0.020655377457539217,0.0,Owen Pickering,4.0,0.0,0.0,0.020655377457539217,0.0
8483506,0.07788210724376958,0.0,Sam Rinzel,23.0,0.043478260869565216,0.30434782608695654,1.7912884666067004,0.0
8483510,0.07548234565183512,0.0,Elias Salomonsson,2.0,0.0,0.0,0.07548234565183512,0.0
8483512,0.24457578637105004,0.0,Matt Savoie,25.0,0.12,0.16,2.0381315530920836,0.0
8483513,0.2946759108453988,0.0,Reid Schaefer,1.0,0.0,0.0,0.2946759108453988,0.0
8483515,0.3047469351773282,0.0,Juraj Slafkovsk,23.0,0.30434782608695654,0.21739130434782608,1.0013113584397926,0.0
8483516,0.30557352948623384,0.0,Jimmy Snuggerud,25.0,0.2,0.24,1.5278676474311692,0.0
8483524,0.23961531355356167,0.0,Shane Wright,23.0,0.21739130434782608,0.2608695652173913,1.1022304423463838,0.0
8483525,0.19855111360769054,0.0,Danila Yurov,20.0,0.15,0.15,1.323674090717937,0.0
8483531,0.11568030808120959,0.0,Brian Halonen,9.0,0.1111111111111111,0.0,1.0411227727308863,0.0
8483553,0.21994452103972426,0.0,Marc Gatcomb,1.0,0.0,0.0,0.21994452103972426,0.0
8483565,0.1867787753581068,0.0,Nick Blankenburg,14.0,0.21428571428571427,0.5,0.8716342850044985,0.0
8483567,0.0248830784112215,0.0,Georgii Merkulov,1.0,0.0,0.0,0.0248830784112215,0.0
8483570,0.1276930276570575,0.0,Ben Meyers,9.0,0.0,0.3333333333333333,0.1276930276570575,0.0
8483573,0.2297748029232024,0.0,Ethen Frank,14.0,0.21428571428571427,0.42857142857142855,1.0722824136416114,0.0
8483609,0.14608958267606786,0.0,Adam Klapka,25.0,0.08,0.12,1.8261197834508482,0.0
8483676,0.09046866403271746,0.0,Stephen Halliday,4.0,0.0,0.25,0.09046866403271746,0.0
8483678,0.032087817297954235,0.0,Elias Pettersson,24.0,0.0,0.08333333333333333,0.032087817297954235,0.0
8483686,0.05373540800064795,0.0,Adam Engstrom,1.0,0.0,0.0,0.05373540800064795,0.0
8483690,0.20943902953877103,0.0,Noah Laba,26.0,0.15384615384615385,0.11538461538461539,1.3613536920020115,0.0
8483728,0.17294847297792626,0.0,Jared Davidson,5.0,0.0,0.0,0.17294847297792626,0.0
8483733,0.09287012773565942,0.0,Nikita Grebenkin,14.0,0.07142857142857142,0.14285714285714285,1.300181788299232,0.0
8483752,0.16521864949027068,0.0,Dominic James,15.0,0.06666666666666667,0.2,2.47827974235406,0.0
8483768,0.04275590181350705,0.0,Victor Mancini,5.0,0.0,0.0,0.04275590181350705,0.0
8483808,0.2354191424833102,0.0,Andrei Kuzmenko,21.0,0.14285714285714285,0.19047619047619047,1.6479339973831715,0.0
8483890,0.43095241174367915,0.0,Braeden Bowman,9.0,0.4444444444444444,0.3333333333333333,0.9696429264232781,0.0
8483930,0.042549495119601405,0.0,Ivan Ivan,2.0,0.0,0.5,0.042549495119601405,0.0
8484135,0.12967146135633803,0.0,Parker Ford,11.0,0.0,0.09090909090909091,0.12967146135633803,0.0
8484136,0.14170262535017994,0.0,Max Sasson,22.0,0.22727272727272727,0.09090909090909091,0.6234915515407917,0.0
8484144,0.3724719061671443,0.0,Connor Bedard,24.0,0.5833333333333334,0.7916666666666666,0.6385232677151045,0.0
8484145,0.2644218260344738,0.0,Zach Benson,11.0,0.0,0.8181818181818182,0.2644218260344738,0.0
8484149,0.14358510763850055,0.0,Gavin Brindley,18.0,0.2222222222222222,0.16666666666666666,0.6461329843732525,0.0
8484153,0.38352105882147247,0.0,Leo Carlsson,24.0,0.5416666666666666,0.8333333333333334,0.7080388778242569,0.0
8484158,0.24106408096849907,0.0,Easton Cowan,16.0,0.125,0.3125,1.9285126477479926,0.0
8484160,0.25691455579362804,0.0,Nate Danielson,10.0,0.1,0.3,2.56914555793628,0.0
8484164,0.15584309585392464,0.0,Dalibor Dvorsky,15.0,0.2,0.06666666666666667,0.7792154792696232,0.0
8484166,0.3820780554786323,0.0,Adam Fantilli,25.0,0.36,0.32,1.0613279318850897,0.0
8484168,0.1112261610105633,0.0,Oscar Fisker Molgaard,2.0,0.0,0.5,0.1112261610105633,0.0
8484180,0.1813108322343655,0.0,Samuel Honzek,18.0,0.1111111111111111,0.1111111111111111,1.6317974901092895,0.0
8484186,0.273990719203049,0.0,Ryan Leonard,25.0,0.2,0.28,1.369953596015245,0.0
8484197,0.22569111368751943,0.0,Oliver Moore,12.0,0.16666666666666666,0.3333333333333333,1.3541466821251167,0.0
8484203,0.12436137286325288,0.0,Bradly Nadeau,6.0,0.16666666666666666,0.0,0.7461682371795173,0.0
8484210,0.15751365479081858,0.0,Gabe Perreault,3.0,0.0,0.3333333333333333,0.15751365479081858,0.0
8484214,0.17618828018506358,0.0,Luca Pinelli,2.0,0.0,0.0,0.17618828018506358,0.0
8484221,0.22266433545155442,0.0,Calum Ritchie,15.0,0.13333333333333333,0.06666666666666667,1.6699825158866581,0.0
8484223,0.063860879279673,0.0,Axel Sandin-Pellikka,25.0,0.08,0.16,0.7982609909959125,0.0
8484227,0.3019586510892057,0.0,Will Smith,25.0,0.32,0.56,0.9436207846537679,0.0
8484240,0.052903226328392734,0.0,Tom Willander,15.0,0.0,0.4,0.052903226328392734,0.0
8484241,0.3001734751276671,0.0,Matthew Wood,17.0,0.4117647058823529,0.23529411764705882,0.7289927253100488,0.0
8484258,0.06459286669269189,0.0,Sam Malinski,24.0,0.08333333333333333,0.4166666666666667,0.7751144003123027,0.0
8484262,0.028391158208251,0.0,Travis Mitchell,1.0,0.0,0.0,0.028391158208251,0.0
8484304,0.08717113034799685,0.0,Uvis Balinskis,15.0,0.0,0.26666666666666666,0.08717113034799685,0.0
8484305,0.0699932454153894,0.0,Zach Metsa,4.0,0.0,0.0,0.0699932454153894,0.0
8484321,0.053781378182715514,0.0,Nikolas Matinpalo,15.0,0.0,0.26666666666666666,0.053781378182715514,0.0
8484386,0.05716455039671718,0.0,Dmitri Simashev,23.0,0.0,0.043478260869565216,0.05716455039671718,0.0
8484387,0.25347574745063417,0.0,Matvei Michkov,23.0,0.2608695652173913,0.2608695652173913,0.9716570318940977,0.0
8484403,0.0842280741780996,0.0,Florian Xhekaj,3.0,0.0,0.3333333333333333,0.0842280741780996,0.0
8484428,0.0756203968610081,0.0,Charles Alexis Legault,8.0,0.125,0.125,0.6049631748880648,0.0
8484471,0.2964004662187237,0.0,Emmitt Finnie,25.0,0.2,0.24,1.4820023310936183,0.0
8484529,0.2995990167061487,0.0,Connor Clattenburg,2.0,0.5,0.0,0.5991980334122974,0.0
8484762,0.3254520098645505,0.0,Beckett Sennecke,24.0,0.2916666666666667,0.4583333333333333,1.1158354623927444,0.0
8484768,0.0881367784791758,0.0,Zayne Parekh,11.0,0.0,0.09090909090909091,0.0881367784791758,0.0
8484779,0.1099357455968856,0.0,Jett Luchanko,4.0,0.0,0.0,0.1099357455968856,0.0
8484783,0.0822837956249713,0.0,Artyom Levshunov,23.0,0.043478260869565216,0.4782608695652174,1.89252729937434,0.0
8484794,0.21380860943879385,0.0,Michael Brandsegg-Nygrd,9.0,0.0,0.1111111111111111,0.21380860943879385,0.0
8484798,0.08907965136071035,0.0,Zeev Buium,25.0,0.12,0.36,0.7423304280059195,0.0
8484800,0.13404509601079748,0.0,Berkly Catton,18.0,0.0,0.2777777777777778,0.13404509601079748,0.0
8484801,0.3194538820680462,0.0,Macklin Celebrini,25.0,0.56,0.88,0.5704533608357968,0.0
8484806,0.08737070275176505,0.0,Sam Dickinson,19.0,0.05263157894736842,0.05263157894736842,1.660043352283536,0.0
8484821,0.21797548513859502,0.0,Sam Morton,3.0,0.0,0.0,0.21797548513859502,0.0
8484829,0.2122393894347954,0.0,Justin Hryckowian,24.0,0.125,0.20833333333333334,1.6979151154783632,0.0
8484839,0.06793470135224706,0.0,Harrison Brunicke,9.0,0.1111111111111111,0.0,0.6114123121702236,0.0
8484860,0.14979591278824944,0.0,Matvei Gridin,4.0,0.25,0.0,0.5991836511529978,0.0
8484901,0.0109871365129947,0.0,Jacob Quillan,2.0,0.0,0.0,0.0109871365129947,0.0
8484911,0.16533151433731494,0.0,Collin Graf,24.0,0.125,0.2916666666666667,1.3226521146985195,0.0
8484958,0.12469167435275649,0.0,Maxim Tsyplakov,15.0,0.06666666666666667,0.0,1.8703751152913475,0.0
8484984,0.21473674310578234,0.0,Ivan Demidov,23.0,0.21739130434782608,0.5652173913043478,0.9877890182865988,0.0
8485366,0.17958077484922047,0.0,Matthew Schaefer,25.0,0.32,0.4,0.561189921403814,0.0
8485402,0.4362406167866927,0.0,Michael Misa,7.0,0.14285714285714285,0.2857142857142857,3.053684317506849,0.0
8485405,0.12183128856122469,0.0,Brady Martin,3.0,0.0,0.3333333333333333,0.12183128856122469,0.0
8485414,0.36469415898318397,0.0,Ben Kindel,20.0,0.25,0.15,1.4587766359327359,0.0
8485493,0.228624827073266,0.0,David Tomasek,18.0,0.1111111111111111,0.1111111111111111,2.057623443659394,0.0
8485702,0.17404751259049292,0.0,Max Shabanov,13.0,0.23076923076923078,0.3076923076923077,0.7542058878921359,0.0
